kuusi_id,proverb_primary_en,prescriptive_or_descriptive,has_implicit_prescription
G2a-10b,Boys will be men,,
A3a-25,When it rains and the sun shines...,,
C6b-25e,A handsome hostess is bad for the purse,,
M4c-14,Fear has a thousand eyes,,
C2f-13,One nail drives another,,
A1a-14,Let things take their course,,
C6e-10,Keep smiling,,
E1b-15,"We are all Adam's children, but silk makes the difference",,
B2c-21,Evil comes to us by ells and goes away by inches,,
D2b-12,After joy comes sorrow,,
T2a-12,"Other days, other ways",,
J1k-16,That is true which stands the flame,,
D3h-25,"All covet, all lose",,
D4a-14,A good dinner is worth more than a fine coat,,
T1b-24,Measure thrice and cut once,,
C6f-13,A big head and little wit,,
H7i-17,Beat the dog before the lion,,
J1a-17,Good words break no bones,,
M3c-22,You cannot see the wood for the trees,,
F1e-19,Asses carry the oats and horses eat them,,
H1c-11,He that has a great nose thinks everybody is speaking of it,,
H5b-24,"Save a thief from the gallows, and he'll be the first to cut your throat",,
F1d-36,Ill weeds grow apace,,
K1i-16b,Set a beggar on horseback and he'll ride to the devil,,
F2a-13,Better be envied than pitied,,
K1k-11,Learned fools are the greatest fools,,
M9d-13,None is born a master,,
K2e-21,The gift blinds the wise,,
G3b-16,It's a wise child that knows its own father,,
B1f-11,"God gives us hands, but does not build bridges for us",,
M5a-34,A blind man will not thank you for a looking-glass,,
C5e-27,Fair words and foul deeds,,
G5c-14,Old wood makes the best fire,,
L2d-10b,There are more foolish byers than foolish sellers,,
H7b-13,"Harm watch, harm catch",,
H7a-14,"When thieves fall out, honest men get their own",,
J1b-22,"Act quickly, think slowly",,
K1b-17,When the cat is away the mice play,,
G1a-12,Blood is thicker than water,,
M8a-12,A penny spared is twice got,,
M3d-21,Don't cut off the bough on which you are sitting,,
A3a-12,The east wind won't cease before it rains and a wife's scolding won't cease before she cries,,
E1g-12,The sun shines upon all alike,,
L1e-25,The thief doth fear each bush an officer,,
T1d-12,A little fire is quickly trodden out,,
J1b-14,Few words are best,,
M6d-29,He who is not with me is against me,,
C1c-10,An old fox needs not to be taught tricks,,
K2b-15,Poverity has no relations,,
B1b-13,Good fortune comes to some people while they are asleep,,
A3b-18,For a morning rain leave not your journey,,
D3d-21,A watched kettle never boils,,
E1g-20b,Death makes equal the high and low,,
H2f-27,Death pays all debts,,
E1d-10,A little is better than none,,
J1a-15,That which cometh from the heart will go to the heart,,
H6b-22c,The best mirror is an old friend,,
D3b-20,Where there is butter there are flies,,
T3c-12,Time cures all things,,
L1b-26,Better be foolish with all than wise by yourself what everybody says must be true,,
G6b-11,The older the wiser,,
H7m-33,To add oil to the fire,,
H2b-21,Dry bread at home is better than roast meat abroad,,
T2a-10,No two days are alike,,
J1a-11,The tongue kills man and the tongue saves man,,
F1d-39,Ill weeds grow apace,,
T1b-17,When the pear is ripe it falls,,
F1b-19b,Where there is no shame there is no honour,,
G2a-37,You can't get figs from thistles,,
H5h-17,The Moor has done his duty let him go,,
K2i-10,Old age is a heavy burden,,
B2a-24,Talk of the wolf and his tail appears,,
C1a-16,There is no sin but stupidity,,
K1d-10,Never argue against one who is greater than you,,
K1e-14,Don't kill the goose that lays the golden eggs,,
B1c-10,Whom the Lord loves he reproves,,
E1i-17,Where there is an advantage there is also a disadvantage,,
A3b-12,Men worship the rising not the setting sun,,
D3c-24c,Love lives in cottages as well as in courts,,
M9b-17,He that will not be counselled cannot be helped,,
E1e-10,We never know the value of water till the well is dry,,
G5f-11,Love is not complete without a quarrel,,
J1k-15b,Not all truths are proper to be told,,
M6a-22,One may lead a horse to water but he cannot make him drink,,
M3f-13b,Praise a fool and you water his folly,,
T3c-24,You cannot make an omelette without breaking eggs,,
A3c-41,An age to an age is not a brother,,
M7b-13,"When a great oak falls, every neighbour may scuffle for a faggot",,
H1d-13,Seeing is believing,,
C2c-10b,"Who breaks, pays",,
M7g-15,"The more the merrier, the fewer the better cheer",,
G4c-24,"A woman's advice is but slender, yet he that refuses it is a madman",,
D5b-10,"Ever drunk, ever dry",,
H2a-20,Too many cooks spoil the broth,,
F1b-47,A liar is not believed when he speaks the truth,,
D3e-27,Fat bellies make empty skulls,,
B1e-19,Pray and work,,
L2c-28,Ask and have is sometimes dear buying,,
T3c-16b,There is no night so dark but that it is surmonted with the day,,
J1f-14,He who says what he likes shall hear what he does not,,
