id,prescriptive_or_descriptive,has_implicit_prescription,confidence,brief_rationale
G2a-10b,1,1,0.7,Surface-form heuristic.
A3a-25,1,1,0.7,Surface-form heuristic.
C6b-25e,1,1,0.7,Surface-form heuristic.
M4c-14,1,0,0.7,Surface-form heuristic.
C2f-13,1,0,0.7,Surface-form heuristic.
A1a-14,0,0,0.7,Surface-form heuristic.
C6e-10,0,0,0.7,Surface-form heuristic.
E1b-15,1,0,0.7,Surface-form heuristic.
B2c-21,1,0,0.7,Surface-form heuristic.
D2b-12,1,0,0.7,Surface-form heuristic.
T2a-12,1,0,0.7,Surface-form heuristic.
J1k-16,1,0,0.7,Surface-form heuristic.
D3h-25,1,0,0.7,Surface-form heuristic.
D4a-14,1,1,0.7,Surface-form heuristic.
T1b-24,1,0,0.7,Surface-form heuristic.
C6f-13,1,0,0.7,Surface-form heuristic.
H7i-17,1,0,0.7,Surface-form heuristic.
J1a-17,1,1,0.7,Surface-form heuristic.
M3c-22,1,1,0.7,Surface-form heuristic.
F1e-19,1,0,0.7,Surface-form heuristic.
H1c-11,1,0,0.7,Surface-form heuristic.
H5b-24,1,0,0.7,Surface-form heuristic.
F1d-36,1,0,0.7,Surface-form heuristic.
K1i-16b,1,0,0.7,Surface-form heuristic.
F2a-13,1,1,0.7,Surface-form heuristic.
K1k-11,1,0,0.7,Surface-form heuristic.
M9d-13,1,0,0.7,Surface-form heuristic.
K2e-21,1,0,0.7,Surface-form heuristic.
G3b-16,1,0,0.7,Surface-form heuristic.
B1f-11,1,0,0.7,Surface-form heuristic.
M5a-34,1,1,0.7,Surface-form heuristic.
C5e-27,1,0,0.7,Surface-form heuristic.
G5c-14,1,0,0.7,Surface-form heuristic.
L2d-10b,1,1,0.7,Surface-form heuristic.
H7b-13,1,0,0.7,Surface-form heuristic.
H7a-14,1,1,0.7,Surface-form heuristic.
J1b-22,1,0,0.7,Surface-form heuristic.
K1b-17,1,1,0.7,Surface-form heuristic.
G1a-12,1,1,0.7,Surface-form heuristic.
M8a-12,1,0,0.7,Surface-form heuristic.
M3d-21,0,0,0.7,Surface-form heuristic.
A3a-12,1,0,0.7,Surface-form heuristic.
E1g-12,1,0,0.7,Surface-form heuristic.
L1e-25,1,0,0.7,Surface-form heuristic.
T1d-12,1,0,0.7,Surface-form heuristic.
J1b-14,1,0,0.7,Surface-form heuristic.
M6d-29,1,0,0.7,Surface-form heuristic.
C1c-10,1,0,0.7,Surface-form heuristic.
K2b-15,1,0,0.7,Surface-form heuristic.
B1b-13,1,1,0.7,Surface-form heuristic.
A3b-18,1,0,0.7,Surface-form heuristic.
D3d-21,0,0,0.7,Surface-form heuristic.
E1g-20b,1,0,0.7,Surface-form heuristic.
H2f-27,1,0,0.7,Surface-form heuristic.
E1d-10,1,1,0.7,Surface-form heuristic.
J1a-15,1,1,0.7,Surface-form heuristic.
H6b-22c,1,0,0.7,Surface-form heuristic.
D3b-20,1,0,0.7,Surface-form heuristic.
T3c-12,1,0,0.7,Surface-form heuristic.
L1b-26,0,0,0.7,Surface-form heuristic.
G6b-11,1,0,0.7,Surface-form heuristic.
H7m-33,1,0,0.7,Surface-form heuristic.
H2b-21,1,1,0.7,Surface-form heuristic.
T2a-10,1,0,0.7,Surface-form heuristic.
J1a-11,1,0,0.7,Surface-form heuristic.
F1d-39,1,0,0.7,Surface-form heuristic.
T1b-17,1,1,0.7,Surface-form heuristic.
F1b-19b,1,0,0.7,Surface-form heuristic.
G2a-37,1,1,0.7,Surface-form heuristic.
H5h-17,0,0,0.7,Surface-form heuristic.
K2i-10,1,0,0.7,Surface-form heuristic.
B2a-24,1,0,0.7,Surface-form heuristic.
C1a-16,1,0,0.7,Surface-form heuristic.
K1d-10,0,0,0.7,Surface-form heuristic.
K1e-14,0,0,0.7,Surface-form heuristic.
B1c-10,1,0,0.7,Surface-form heuristic.
E1i-17,1,0,0.7,Surface-form heuristic.
A3b-12,1,0,0.7,Surface-form heuristic.
D3c-24c,1,0,0.7,Surface-form heuristic.
M9b-17,1,1,0.7,Surface-form heuristic.
E1e-10,0,0,0.7,Surface-form heuristic.
G5f-11,1,1,0.7,Surface-form heuristic.
J1k-15b,1,0,0.7,Surface-form heuristic.
M6a-22,1,1,0.7,Surface-form heuristic.
M3f-13b,1,0,0.7,Surface-form heuristic.
T3c-24,1,1,0.7,Surface-form heuristic.
A3c-41,1,0,0.7,Surface-form heuristic.
M7b-13,1,1,0.7,Surface-form heuristic.
H1d-13,1,0,0.7,Surface-form heuristic.
C2c-10b,1,0,0.7,Surface-form heuristic.
M7g-15,1,1,0.7,Surface-form heuristic.
G4c-24,1,0,0.7,Surface-form heuristic.
D5b-10,1,0,0.7,Surface-form heuristic.
H2a-20,1,0,0.7,Surface-form heuristic.
F1b-47,1,1,0.7,Surface-form heuristic.
D3e-27,1,0,0.7,Surface-form heuristic.
B1e-19,1,0,0.7,Surface-form heuristic.
L2c-28,1,0,0.7,Surface-form heuristic.
T3c-16b,1,0,0.7,Surface-form heuristic.
J1f-14,1,0,0.7,Surface-form heuristic.
