id,category_id
148214.0,2
148215.0,2
148219.0,1
148239.0,2
148242.0,2
148250.0,2
148265.0,2
148281.0,2
148336.0,2
148345.0,2
148358.0,2
148360.0,2
148371.0,2
148372.0,2
148375.0,2
148379.0,2
148394.0,2
148396.0,7
148398.0,2
148420.0,2
148428.0,7
148431.0,2
148434.0,1
148442.0,2
148444.0,1
148505.0,2
148509.0,2
148510.0,6
148511.0,6
148518.0,1
148521.0,2
148527.0,1
148528.0,1
148531.0,2
148536.0,2
148537.0,2
148544.0,2
148547.0,2
148553.0,2
148564.0,2
148570.0,2
148572.0,2
148573.0,6
148579.0,2
148585.0,2
148586.0,2
148587.0,2
148591.0,8
148595.0,2
148597.0,6
148614.0,2
148615.0,2
148619.0,2
148624.0,2
148625.0,2
148628.0,2
148633.0,2
148639.0,2
148646.0,2
148647.0,2
148649.0,2
148655.0,2
148660.0,2
148662.0,2
148671.0,2
148675.0,2
148677.0,6
148678.0,2
148679.0,2
148683.0,2
148687.0,6
148688.0,6
148689.0,2
148692.0,2
148696.0,6
148698.0,2
148699.0,2
148700.0,6
148704.0,2
148707.0,2
148713.0,2
148717.0,2
148722.0,2
148735.0,2
148739.0,5
148740.0,2
148742.0,2
148746.0,2
148753.0,2
148754.0,2
148756.0,2
148760.0,2
148762.0,2
148764.0,2
148771.0,2
148776.0,0
148777.0,2
148787.0,2
148788.0,2
148792.0,2
148794.0,2
148795.0,2
148799.0,2
148810.0,2
148815.0,2
148817.0,2
148819.0,2
148827.0,2
148828.0,2
148841.0,2
148844.0,2
148852.0,2
148859.0,2
148863.0,2
148866.0,4
148875.0,2
148878.0,2
148888.0,2
148890.0,2
148895.0,2
148901.0,2
148909.0,2
148910.0,4
148912.0,2
148915.0,4
148919.0,4
148921.0,2
148938.0,2
148940.0,2
148942.0,2
148945.0,2
148948.0,2
148950.0,2
148952.0,2
148962.0,2
148970.0,3
148983.0,2
148994.0,2
149000.0,2
149008.0,2
149022.0,2
149024.0,2
149025.0,2
149027.0,2
149042.0,2
149053.0,2
149054.0,2
149059.0,2
149061.0,2
149071.0,2
149076.0,2
149078.0,2
149079.0,1
149080.0,2
149086.0,2
149088.0,2
149095.0,2
149096.0,6
149098.0,2
149102.0,2
149107.0,2
149111.0,5
149114.0,2
149119.0,2
149125.0,2
149128.0,2
149129.0,9
149137.0,2
149145.0,2
149156.0,6
149164.0,3
149165.0,2
149167.0,2
149170.0,2
149171.0,2
149176.0,2
149178.0,1
149181.0,2
149186.0,2
149191.0,2
149203.0,2
149204.0,2
149210.0,2
149211.0,2
149217.0,2
149223.0,3
149229.0,2
149238.0,2
149240.0,2
149241.0,2
149249.0,0
149255.0,0
149260.0,2
149270.0,2
149273.0,2
149276.0,2
149277.0,2
149278.0,4
149279.0,2
149280.0,2
149281.0,0
149282.0,2
149284.0,2
149288.0,2
149293.0,2
149294.0,2
149299.0,2
149303.0,2
149304.0,2
149306.0,2
149310.0,2
149316.0,2
149322.0,2
149328.0,2
149332.0,6
149335.0,6
149348.0,2
149349.0,2
149354.0,2
149357.0,2
149363.0,2
149364.0,2
149365.0,2
149368.0,2
149375.0,6
149376.0,2
149378.0,6
149380.0,2
149395.0,2
149396.0,2
149397.0,2
149402.0,2
149406.0,2
149407.0,2
149409.0,2
149417.0,2
149429.0,2
149432.0,2
149438.0,2
149441.0,2
149444.0,7
149445.0,3
149447.0,2
149451.0,2
149452.0,2
149458.0,2
149461.0,2
149467.0,2
149466.0,3
149475.0,3
149500.0,2
149508.0,6
149514.0,2
149519.0,2
149523.0,1
149525.0,2
149531.0,2
149536.0,2
149537.0,2
149540.0,2
149544.0,2
149545.0,2
149549.0,2
149554.0,3
149559.0,2
149564.0,2
149565.0,2
149566.0,2
149575.0,2
149580.0,4
149585.0,2
149588.0,2
149596.0,2
149601.0,2
149609.0,2
149612.0,2
149615.0,2
149625.0,6
149627.0,2
149629.0,2
149640.0,2
149646.0,2
149653.0,2
149657.0,2
149659.0,2
149664.0,2
149684.0,6
149686.0,2
149698.0,2
149700.0,2
149701.0,3
149704.0,2
149711.0,6
149720.0,2
149729.0,2
149735.0,6
149737.0,2
149739.0,2
149741.0,5
149742.0,2
,2
149754.0,6
149757.0,2
149758.0,2
149760.0,5
149765.0,2
149768.0,9
149769.0,2
149773.0,2
149778.0,2
149780.0,2
149782.0,2
149784.0,2
149798.0,2
149800.0,2
149801.0,2
149803.0,2
149815.0,2
149821.0,2
149822.0,1
149828.0,2
149829.0,2
149833.0,3
149838.0,6
149843.0,2
149848.0,2
149852.0,6
149854.0,2
149855.0,2
149856.0,2
149860.0,2
149862.0,2
149866.0,2
149868.0,2
149869.0,2
149872.0,2
149878.0,2
149881.0,2
149886.0,2
149890.0,2
149898.0,2
149900.0,2
149903.0,2
149912.0,2
149923.0,2
149931.0,2
149933.0,2
149934.0,2
149939.0,2
149940.0,2
149941.0,2
149944.0,2
149946.0,2
149948.0,2
149950.0,2
149954.0,2
149955.0,2
149960.0,2
149964.0,2
149967.0,2
149969.0,1
149971.0,2
149974.0,5
149975.0,2
149978.0,2
149982.0,2
149983.0,2
149989.0,3
149997.0,2
150008.0,2
150010.0,2
150013.0,2
150018.0,5
150020.0,2
150025.0,2
150026.0,2
150033.0,2
150034.0,2
150035.0,2
150038.0,6
150049.0,5
150050.0,2
150052.0,2
150055.0,2
150066.0,2
150069.0,2
150071.0,2
150074.0,2
150077.0,2
150088.0,2
150090.0,2
150093.0,2
150096.0,2
150099.0,2
150101.0,2
150103.0,2
150112.0,2
150114.0,2
150129.0,1
150143.0,2
150144.0,2
150149.0,2
150155.0,2
150162.0,2
150164.0,2
150167.0,2
150168.0,2
,5
150184.0,2
150223.0,2
150246.0,4
150252.0,2
150266.0,2
150272.0,2
150274.0,2
150299.0,2
150307.0,2
150310.0,2
150311.0,2
150312.0,2
150314.0,2
150315.0,2
150317.0,2
150320.0,2
150325.0,6
150332.0,2
150334.0,2
150339.0,2
150343.0,2
150344.0,2
150345.0,2
150350.0,2
150354.0,2
150356.0,2
150360.0,2
150364.0,1
150367.0,2
150370.0,5
150372.0,0
150374.0,5
150375.0,5
150377.0,2
150379.0,5
150381.0,0
150383.0,5
150384.0,5
150387.0,5
150388.0,5
150389.0,2
150391.0,8
150393.0,2
150399.0,2
150405.0,6
150413.0,2
150416.0,0
150419.0,4
150422.0,2
150435.0,2
150437.0,2
150439.0,2
150440.0,2
150444.0,2
150445.0,2
150451.0,2
150452.0,2
150453.0,2
150462.0,2
150467.0,3
150478.0,2
150479.0,2
150482.0,2
150488.0,2
150495.0,2
150499.0,2
150501.0,2
150502.0,2
150508.0,2
150510.0,2
150514.0,2
150525.0,2
150533.0,7
150539.0,2
150547.0,1
150548.0,1
150550.0,2
150557.0,2
150562.0,2
150571.0,2
150572.0,2
150575.0,2
150577.0,6
150578.0,2
150586.0,2
150588.0,2
150589.0,2
150591.0,2
150594.0,2
150603.0,2
150606.0,6
150607.0,2
150611.0,2
150615.0,1
150617.0,5
150620.0,2
150640.0,3
150641.0,2
150647.0,2
150650.0,2
150653.0,1
150658.0,1
150661.0,2
150663.0,4
150664.0,2
150667.0,2
150669.0,2
150685.0,2
150687.0,2
150702.0,2
150703.0,2
150712.0,2
150715.0,2
150720.0,1
150723.0,2
150724.0,1
150727.0,1
150735.0,2
150736.0,1
150742.0,2
150743.0,2
150744.0,2
150750.0,2
150752.0,2
150770.0,2
150771.0,2
150779.0,2
150789.0,2
150796.0,2
150800.0,2
150802.0,7
150805.0,8
150806.0,2
150808.0,2
150810.0,2
150811.0,2
150813.0,2
,2
150819.0,2
150824.0,2
150836.0,2
150844.0,2
150850.0,2
150851.0,2
150853.0,8
150854.0,1
150856.0,2
150865.0,2
150863.0,2
150871.0,1
150874.0,2
150877.0,7
150879.0,2
150882.0,7
150896.0,2
150897.0,3
150899.0,2
150905.0,2
150925.0,2
150926.0,2
150931.0,2
150934.0,2
150935.0,5
150948.0,2
150951.0,2
150952.0,2
150954.0,2
150965.0,2
150967.0,2
150972.0,2
150973.0,2
150976.0,0
150986.0,2
151003.0,2
151011.0,6
151012.0,2
151037.0,6
151050.0,1
151055.0,2
151080.0,2
151081.0,2
151084.0,2
151085.0,1
151094.0,2
151098.0,2
151101.0,2
151106.0,2
151107.0,2
151119.0,2
151128.0,3
151129.0,2
151133.0,2
151141.0,2
151148.0,2
151154.0,2
151158.0,2
151160.0,2
151166.0,2
151188.0,2
151197.0,2
151199.0,2
151202.0,2
151214.0,2
151218.0,4
151223.0,2
151232.0,2
151240.0,2
151241.0,1
151259.0,2
151271.0,2
151278.0,2
151281.0,2
151296.0,2
151309.0,2
151318.0,2
151341.0,3
151349.0,2
151353.0,2
151365.0,2
151371.0,2
151381.0,2
151382.0,3
151388.0,2
151393.0,2
151399.0,2
151403.0,2
151412.0,2
151413.0,2
151415.0,2
151419.0,4
151420.0,4
151430.0,2
151449.0,8
151453.0,2
151454.0,7
151459.0,2
151469.0,2
151470.0,2
151485.0,2
151489.0,2
151508.0,2
151515.0,3
151517.0,8
151522.0,2
151550.0,2
151552.0,2
151553.0,2
151555.0,2
151565.0,2
151569.0,2
151578.0,8
151579.0,2
151592.0,1
151593.0,2
151606.0,6
151609.0,6
151612.0,4
151617.0,2
151629.0,2
151635.0,6
151639.0,6
151644.0,2
151647.0,2
151657.0,5
151669.0,4
151671.0,2
151675.0,2
151680.0,2
151682.0,2
151696.0,2
151697.0,2
151698.0,2
151707.0,4
151711.0,2
151712.0,2
151718.0,2
151720.0,4
151725.0,2
151726.0,4
151732.0,2
151733.0,4
151736.0,2
151741.0,4
151744.0,2
151745.0,2
151755.0,2
151757.0,2
151760.0,4
151763.0,4
151773.0,4
151781.0,2
151782.0,4
151784.0,4
151785.0,4
151794.0,2
151797.0,2
151798.0,2
151804.0,2
151806.0,5
151807.0,2
151817.0,2
151821.0,2
151827.0,1
151833.0,4
151836.0,2
151837.0,2
151838.0,1
151841.0,2
151854.0,2
151857.0,2
151862.0,5
151873.0,2
151874.0,2
151886.0,4
151889.0,2
151890.0,2
151893.0,0
151895.0,2
151896.0,2
151914.0,2
151921.0,2
151924.0,2
151926.0,2
151931.0,2
151932.0,2
151937.0,2
151938.0,2
151945.0,2
151949.0,2
151953.0,2
151957.0,2
151959.0,6
151961.0,2
151965.0,2
151972.0,1
151976.0,2
151980.0,2
151983.0,2
151985.0,6
151990.0,2
151997.0,2
152001.0,6
152010.0,2
152014.0,2
152021.0,2
152024.0,2
152037.0,2
152042.0,6
152044.0,2
152048.0,2
152055.0,2
152066.0,2
152070.0,2
152077.0,2
152086.0,2
152087.0,6
152096.0,2
152100.0,2
152107.0,4
152111.0,2
152115.0,2
152118.0,2
152119.0,2
152120.0,6
152138.0,7
152142.0,2
152144.0,1
152147.0,2
152152.0,2
152158.0,2
152173.0,2
152178.0,2
152181.0,2
152183.0,2
152187.0,2
152204.0,2
152206.0,2
152211.0,2
152215.0,5
152224.0,2
152227.0,2
152229.0,2
152233.0,2
152239.0,2
152250.0,2
152260.0,2
152263.0,2
152264.0,2
152268.0,5
152272.0,5
152275.0,5
152278.0,6
152279.0,2
152282.0,6
152284.0,2
152291.0,2
152300.0,2
152301.0,2
152304.0,2
152306.0,2
152313.0,2
152314.0,2
152321.0,2
152324.0,2
152330.0,5
152333.0,5
152334.0,2
152335.0,2
152338.0,2
152342.0,2
152352.0,6
152361.0,2
152362.0,5
152363.0,2
152364.0,2
152369.0,6
152393.0,2
152395.0,8
152397.0,2
152402.0,5
152409.0,5
152411.0,2
152415.0,2
152416.0,2
152430.0,2
152438.0,2
152441.0,2
152443.0,2
152444.0,2
152448.0,2
152458.0,5
152463.0,2
152466.0,2
152472.0,2
152476.0,2
152479.0,3
152480.0,3
152481.0,1
152486.0,2
152488.0,6
152489.0,6
152492.0,2
152498.0,2
152499.0,2
152501.0,2
152505.0,2
152507.0,2
152511.0,9
152526.0,6
152528.0,7
152531.0,8
152533.0,2
152534.0,2
152538.0,2
152549.0,2
152554.0,2
152558.0,2
152562.0,2
152566.0,2
152568.0,2
152570.0,2
152583.0,2
152584.0,2
152591.0,2
152597.0,2
152610.0,2
152613.0,2
152622.0,2
152624.0,2
152627.0,2
152639.0,2
152641.0,6
152642.0,6
152645.0,2
152653.0,2
152654.0,2
152657.0,2
152660.0,2
152677.0,2
152687.0,2
152695.0,2
152699.0,2
152703.0,2
152711.0,5
152718.0,4
152720.0,2
152722.0,2
152734.0,2
152743.0,1
152747.0,5
152749.0,2
152756.0,2
152758.0,2
152759.0,6
152762.0,2
152767.0,2
152768.0,2
152770.0,6
152783.0,2
152784.0,2
152785.0,2
152786.0,2
152788.0,2
152791.0,2
152795.0,2
152814.0,5
152815.0,3
152818.0,2
152834.0,2
152836.0,9
152842.0,1
152843.0,1
152847.0,2
152851.0,2
152855.0,2
152857.0,2
152861.0,2
152862.0,2
152863.0,2
152867.0,2
152882.0,2
152895.0,2
152900.0,2
152913.0,2
152921.0,2
152929.0,2
152930.0,2
152932.0,2
152933.0,2
152936.0,2
152937.0,2
152942.0,2
152949.0,2
152967.0,1
152970.0,2
152971.0,2
152973.0,2
152975.0,1
152979.0,0
152980.0,0
152984.0,2
152988.0,2
152989.0,2
152996.0,1
152999.0,2
153002.0,6
153003.0,5
153005.0,2
153006.0,2
153008.0,2
153010.0,2
153014.0,2
153016.0,2
153017.0,2
153024.0,2
153026.0,4
153032.0,2
153043.0,2
153044.0,2
153046.0,2
153047.0,3
153053.0,2
153055.0,2
153057.0,2
153064.0,1
153068.0,2
153072.0,2
153081.0,2
153086.0,2
153091.0,2
153095.0,2
153100.0,2
153104.0,2
153105.0,2
153106.0,2
153112.0,2
153114.0,2
153118.0,2
153124.0,2
153127.0,2
153128.0,2
153130.0,2
153134.0,2
153136.0,2
153137.0,2
153143.0,2
153144.0,2
153146.0,2
153148.0,2
153155.0,6
153157.0,2
153158.0,2
153171.0,2
153173.0,2
153186.0,2
153187.0,2
153194.0,2
153198.0,2
153199.0,2
153202.0,2
153213.0,2
153220.0,2
153223.0,2
153232.0,2
153235.0,2
153238.0,3
153245.0,2
153251.0,2
153256.0,2
153257.0,2
153258.0,2
153265.0,7
153270.0,2
153272.0,2
153274.0,2
153275.0,2
153290.0,8
153293.0,2
153303.0,5
153304.0,1
153308.0,5
153311.0,2
153317.0,2
153319.0,7
153327.0,2
153328.0,7
153338.0,6
153341.0,2
153344.0,3
153349.0,8
153362.0,6
153367.0,8
153371.0,2
153372.0,2
153374.0,6
153383.0,2
153386.0,2
153387.0,3
153388.0,3
153389.0,8
153390.0,3
153392.0,2
153394.0,6
153395.0,2
153401.0,9
153403.0,2
153406.0,1
153409.0,2
153410.0,2
153411.0,2
153416.0,2
153419.0,2
153420.0,2
153424.0,2
153426.0,2
153433.0,2
153440.0,2
153441.0,2
153443.0,2
153452.0,7
153453.0,2
153455.0,2
153458.0,2
153460.0,9
153466.0,2
153473.0,2
153475.0,2
153478.0,2
153481.0,3
153482.0,2
153483.0,2
153484.0,2
153490.0,2
153497.0,6
153499.0,2
153509.0,2
153510.0,2
153512.0,6
153514.0,2
153517.0,2
153521.0,2
153523.0,6
153525.0,2
153531.0,7
153532.0,1
153534.0,7
153535.0,2
153539.0,2
153542.0,2
153554.0,2
153557.0,8
153561.0,5
153571.0,9
153574.0,2
153585.0,2
153586.0,2
153590.0,2
153591.0,7
153596.0,2
153599.0,2
153604.0,7
153612.0,2
153618.0,2
153622.0,2
153627.0,7
153631.0,2
153641.0,6
153649.0,2
153652.0,2
153655.0,2
153656.0,2
153666.0,2
153677.0,1
153684.0,6
153689.0,2
153697.0,2
153702.0,2
153708.0,7
153709.0,7
153710.0,2
153711.0,2
153714.0,2
153715.0,2
153716.0,2
153717.0,2
153720.0,7
153726.0,6
153728.0,2
153730.0,2
,2
153734.0,5
153742.0,2
153749.0,2
153750.0,6
153754.0,2
153757.0,2
153765.0,2
153768.0,2
153775.0,2
153778.0,2
153781.0,2
153784.0,2
153793.0,2
153804.0,2
153811.0,2
153816.0,2
153817.0,1
153825.0,2
153829.0,2
153831.0,2
153836.0,2
153837.0,2
153840.0,2
153846.0,2
153847.0,2
153848.0,2
153853.0,2
153854.0,2
153866.0,2
153869.0,2
153879.0,2
153881.0,2
153884.0,2
153895.0,2
153897.0,2
153906.0,2
153908.0,2
153917.0,2
153921.0,2
153922.0,2
153929.0,2
153937.0,2
153938.0,2
153940.0,2
153943.0,2
153944.0,6
153955.0,2
153965.0,2
153970.0,2
153976.0,2
153991.0,2
154006.0,2
154010.0,1
154013.0,6
154016.0,8
154021.0,2
154022.0,2
154023.0,2
154031.0,5
154037.0,2
154039.0,2
154043.0,2
154049.0,2
154050.0,2
154057.0,5
154060.0,5
154061.0,5
154068.0,2
154083.0,2
154085.0,2
154101.0,2
154111.0,5
154112.0,2
154136.0,2
154138.0,2
154140.0,2
154144.0,2
154148.0,2
154155.0,2
154158.0,6
154175.0,2
154185.0,8
154194.0,3
154201.0,2
154219.0,2
154222.0,2
154224.0,2
154225.0,0
154226.0,2
154228.0,1
154232.0,2
154238.0,2
154258.0,2
154259.0,5
154265.0,2
154266.0,2
154269.0,2
154274.0,2
154275.0,2
154278.0,2
154283.0,2
154286.0,2
154297.0,2
154298.0,2
154306.0,2
154310.0,2
154313.0,2
154314.0,1
154315.0,1
154323.0,2
154327.0,2
154329.0,2
154340.0,2
154342.0,2
154343.0,2
154348.0,2
154358.0,2
154360.0,2
154364.0,2
154377.0,8
154378.0,2
154388.0,2
154390.0,2
154406.0,2
154409.0,2
154410.0,2
154411.0,2
154413.0,2
154414.0,2
154425.0,2
154433.0,2
154447.0,6
154448.0,6
154450.0,2
154453.0,6
154454.0,6
154458.0,2
154467.0,4
154481.0,8
154501.0,6
154515.0,2
154539.0,7
154542.0,2
154545.0,2
154557.0,2
154560.0,2
154565.0,1
154575.0,2
154599.0,1
154601.0,2
154607.0,2
154608.0,2
154613.0,2
154614.0,2
154616.0,2
154618.0,2
154621.0,2
154629.0,2
154631.0,2
154633.0,2
154640.0,6
154642.0,2
154644.0,5
154649.0,2
154650.0,2
154652.0,7
154670.0,2
154674.0,2
154676.0,2
154682.0,2
154687.0,2
154690.0,2
154693.0,2
154696.0,2
154698.0,2
154703.0,2
154716.0,2
154717.0,2
154718.0,8
154719.0,2
154723.0,2
154732.0,2
154734.0,2
154735.0,1
154739.0,2
154740.0,2
154748.0,1
154751.0,2
154752.0,2
154759.0,2
154760.0,2
154762.0,2
154768.0,2
154771.0,2
154773.0,2
154796.0,2
154800.0,2
154803.0,1
154816.0,2
154821.0,2
154830.0,2
154833.0,2
154839.0,8
154840.0,8
154845.0,2
154855.0,2
154856.0,2
154864.0,2
154866.0,2
154870.0,2
154891.0,2
154904.0,2
154905.0,2
154907.0,2
154921.0,2
154927.0,2
154934.0,2
154936.0,2
154944.0,2
154952.0,2
154954.0,2
154958.0,2
154963.0,8
154969.0,2
154972.0,2
154973.0,2
154975.0,1
154993.0,2
155002.0,2
155003.0,2
155006.0,2
155015.0,2
155018.0,2
155039.0,2
155043.0,5
155044.0,2
155051.0,5
155059.0,5
155062.0,2
155065.0,2
155067.0,2
155071.0,2
155074.0,2
155079.0,2
155091.0,2
155094.0,2
155095.0,2
155097.0,8
155102.0,2
155104.0,6
155110.0,2
155114.0,2
155117.0,2
155124.0,2
155127.0,2
155132.0,2
155134.0,2
155135.0,2
155138.0,2
155146.0,6
155155.0,2
155163.0,2
155174.0,2
155176.0,2
155179.0,2
155183.0,2
155188.0,2
155189.0,2
155193.0,2
155195.0,2
155196.0,2
155199.0,2
155200.0,2
155203.0,2
155206.0,2
155208.0,2
155209.0,2
155212.0,2
155215.0,2
155217.0,2
155218.0,2
155220.0,2
155221.0,2
155222.0,2
155226.0,2
155241.0,2
155245.0,2
155247.0,6
155253.0,2
155260.0,2
155261.0,5
155267.0,5
155269.0,2
155271.0,2
155273.0,5
155277.0,2
155278.0,6
155280.0,8
155281.0,2
155284.0,5
155291.0,5
155302.0,2
155304.0,2
155309.0,2
155314.0,1
155318.0,8
155324.0,2
155328.0,6
155329.0,6
155349.0,2
155350.0,2
155369.0,2
155373.0,2
155377.0,2
155384.0,2
155387.0,2
155393.0,2
155394.0,5
155395.0,3
155396.0,2
155397.0,2
155399.0,2
155400.0,2
155401.0,2
155406.0,6
155423.0,2
155431.0,6
155438.0,2
155444.0,2
155446.0,2
155451.0,2
155460.0,2
155462.0,2
155463.0,5
155464.0,1
155466.0,5
155468.0,2
155472.0,2
155479.0,2
155482.0,2
155484.0,2
155494.0,2
155499.0,2
155502.0,6
155509.0,2
155514.0,2
155515.0,2
155517.0,2
155518.0,2
155520.0,6
155533.0,2
155537.0,2
155539.0,2
155540.0,2
155542.0,2
155544.0,2
155551.0,2
155552.0,2
155554.0,2
155555.0,2
155561.0,8
155580.0,1
155581.0,2
155584.0,2
155585.0,2
155600.0,2
155611.0,2
155613.0,2
155614.0,2
155615.0,2
155617.0,1
155623.0,2
155629.0,2
155643.0,2
155666.0,2
155669.0,2
155672.0,2
155678.0,6
155694.0,2
155700.0,2
155708.0,2
155712.0,2
155718.0,7
155721.0,5
155725.0,2
155727.0,2
155728.0,2
155731.0,2
155732.0,2
155733.0,2
155734.0,2
155739.0,2
155744.0,2
155751.0,2
155753.0,2
155769.0,8
155771.0,2
155775.0,6
155778.0,2
155779.0,2
155782.0,2
155800.0,2
155804.0,8
155806.0,2
155825.0,2
155833.0,2
155835.0,2
155837.0,2
155845.0,2
155848.0,2
155857.0,2
155858.0,1
155860.0,2
155861.0,8
155897.0,2
155865.0,2
155866.0,1
155867.0,2
155870.0,6
155881.0,2
155886.0,9
155890.0,2
155896.0,6
155898.0,4
155899.0,2
155901.0,2
155903.0,2
155914.0,2
155915.0,2
155917.0,2
155929.0,2
155930.0,2
155935.0,2
155936.0,2
155939.0,2
155941.0,2
155946.0,2
155947.0,2
155951.0,6
155958.0,4
155959.0,2
155964.0,2
155969.0,6
155973.0,2
155975.0,2
155978.0,2
155982.0,2
155985.0,2
155986.0,2
155987.0,2
155989.0,2
155994.0,6
155999.0,2
156002.0,2
156005.0,9
156007.0,9
156009.0,9
156010.0,3
156016.0,2
156019.0,2
156024.0,2
156027.0,2
156030.0,2
156036.0,1
156041.0,2
156043.0,7
156047.0,5
156048.0,2
156053.0,9
156058.0,9
156067.0,2
156077.0,2
156084.0,2
156085.0,5
156086.0,2
156096.0,2
156097.0,2
156102.0,2
156103.0,2
156105.0,2
156111.0,2
156112.0,2
156114.0,2
156119.0,2
156121.0,2
156126.0,2
156127.0,2
156132.0,2
156133.0,2
156137.0,2
156142.0,2
156143.0,2
156146.0,2
156149.0,7
156150.0,6
156152.0,2
156157.0,2
156162.0,2
156167.0,2
156173.0,2
156180.0,9
156182.0,2
156186.0,2
156190.0,9
156191.0,9
156192.0,9
156193.0,9
156195.0,2
156196.0,9
156198.0,2
156203.0,2
156206.0,2
156207.0,2
156216.0,2
156217.0,2
156226.0,2
156227.0,2
156230.0,2
156243.0,2
156245.0,2
156249.0,2
156250.0,2
156251.0,2
156263.0,2
156264.0,2
156265.0,2
156266.0,2
156267.0,2
156269.0,9
156276.0,2
156277.0,2
156279.0,2
156281.0,2
156285.0,9
156289.0,2
156297.0,2
156301.0,2
156307.0,2
156312.0,2
156313.0,2
156320.0,2
156328.0,4
156331.0,2
156332.0,2
156333.0,8
156335.0,4
156339.0,2
156346.0,6
156349.0,2
156356.0,2
156371.0,2
156372.0,2
156378.0,2
156381.0,2
156387.0,9
156397.0,2
156398.0,2
156399.0,2
156401.0,2
156405.0,3
156406.0,2
156407.0,2
156408.0,2
156412.0,2
156415.0,2
156417.0,2
156421.0,2
156422.0,2
156429.0,2
156436.0,2
156440.0,2
156441.0,2
156442.0,2
156447.0,2
156450.0,2
156454.0,2
156460.0,2
156463.0,2
156465.0,2
156473.0,2
156476.0,2
156477.0,1
156479.0,2
156488.0,2
156492.0,2
156494.0,2
156501.0,2
156502.0,1
156503.0,2
