id,text
148214.0,Water will stand in a hollow
148215.0,Let things take their course
148219.0,Fire is a good servant but a bad master
148239.0,"Praise the sea, but keep on land"
148242.0,"Let him that knows not how to pray, go to sea"
148250.0,Where there's muck there's money
148265.0,Heat breaks no bones
148281.0,A woman hath nine lives like a cat
148336.0,An evening red and a morning grey are sure signs of a fair day
148345.0,The east wind won't cease before it rains and a wife's scolding won't cease before she cries
148358.0,A rainbow in the morning is the shepherd's warning; a rainbow at night is the shepherd's delight
148360.0,When it rains and the sun shines...
148371.0,Men worship the rising not the setting sun
148372.0,The morning hour has gold in its mouth
148375.0,Get a name to rise up early and you may lie all day
148379.0,For a morning rain leave not your journey
148394.0,Rain in spring is as precious as oil
148396.0,April and May are the keys of the year
148398.0,"April weather, rain and sunshine both together"
148420.0,"Wen der Herrgott nass macht, den macht er auch wieder trocken"
148428.0,"A snow year, a rich year"
148431.0,An age to an age is not a brother
148434.0,"Fields require three things: a fair weather, sound seed and good husbandman"
148442.0,April snow breeds grass
148444.0,Good folks do not marry in May
148505.0,Everything is possible for God
148509.0,God sends men cold as they have clothes on
148510.0,"Whom God teaches not, man cannot"
148511.0,"Man proposes, God disposes"
148518.0,The sun rises on good and bad alike
148521.0,God strikes not with both hands
148527.0,Good fortune comes to some people while they are asleep
148528.0,He who serves God has a good master
148531.0,He that sends mouths sends meat
148536.0,The Lord gives and the Lord takes away
148537.0,He who has no friend has God
148544.0,Whom the Lord loves he reproves
148547.0,God suits the back to the burden
148553.0,God's mill grinds slow but sure
148564.0,"God sees all things, himself unseen"
148570.0,The fear of the Lord is the beginning of wisdom
148572.0,Faith alone makes happy
148573.0,"Man is a creature who lives not upon bread alone, but principally by catchwords"
148579.0,"Who spits against the wind, it falls in his face"
148585.0,Remember that you must die
148586.0,Pray and work
148587.0,"Pray to God, but keep the hammer going"
148591.0,"God gives us hands, but does not build bridges for us"
148595.0,A wonder lasts but nine days
148597.0,What a man desires he easily believes
148614.0,Bells call to church but do not enter
148615.0,"Do as I say, not as I do"
148619.0,The nearer the church the farther from God
148624.0,The day will dawn even without the rooster
148625.0,All rivers run into the sea
148628.0,"What must be, must be"
148633.0,The fated will happen
148639.0,He that is born to be hanged shall never be drowned
148646.0,Talk of the wolf and his tail appears
148647.0,Nothing is so certain as the unexpected
148649.0,Count your blessings
148655.0,What can't be cured must be endured
148660.0,The goat must bleat where she is tied
148662.0,It is hard to kick against the pricks
148671.0,Those that God loves do not live long
148675.0,Who hath no horse may ride on a staff
148677.0,Every man has his cross to bear
148678.0,The sun cannot be hidden by a hand
148679.0,You must take the world as you find it
148683.0,After me the deluge
148687.0,"A blind man may, by fortune, catch a hare"
148688.0,A blind man may perchance hit the mark
148689.0,"I today, you tomorrow"
148692.0,"Unlucky gambler, lucky lover"
148696.0,With a lucky man all things are lucky
148698.0,Fortune is blind
148699.0,Evil comes to us by ells and goes away by inches
148700.0,"Today a man, tomorrow a mouse"
148704.0,"Whom fortune wishes to destroy, she first makes mad"
148707.0,Fortune's wheel is never stopped
148713.0,After night comes the day
148717.0,Trouble never comes crying
148722.0,One is not so soon healed as hurt
148735.0,Misfortunes never come alone
148739.0,If we go forward we die; if we go backward we die; better go forward and die
148740.0,To leap out of the frying pan into the fire
148742.0,He would fall on his back and break his nose
148746.0,Fortune never turns the key to the poor
148753.0,To kill two birds at one shot
148754.0,Fortune favors fools
148756.0,A drop of luck rather than a cask of wisdom
148760.0,Fortune gains the bride
148762.0,"Whom God loves, his bitch brings forth pigs"
148764.0,He dances merrily whom fortune pipes to
148771.0,La fortune rit aux sots
148776.0,It's a small world
148777.0,All roads lead to Rome
148787.0,Death and sleep are brothers
148788.0,Sleep is brother to death
148792.0,Nature her custom holds
148794.0,Nature passes nurture
148795.0,Nature draws more than ten oxen
148799.0,There is no sin but stupidity
148810.0,The wolf must die in his own skin
148815.0,You cannot wash charcoal white
148817.0,"Fire is the test of gold, adversity of friendship"
148819.0,"He's the rock, the oak, not to be wind-shaken (Shakespeare)"
148827.0,A leopard cannot change his spots
148828.0,Wolves lose their teeth but not their memory
148841.0,Boys will be boys
148844.0,An ape is never so like an ape as when he wears a doctor's cape
148852.0,"Wenn der Edelstein auch in den Koth fällt, so bleibt er doch ein Edelstein"
148859.0,Every little helps
148863.0,No fine cloth can hide the clown
148866.0,An old fox needs not to be taught tricks
148875.0,The things passed off like water from a duck's back
148878.0,"Never went out ass, and came home horse"
148888.0,It is not the healthy that need a doctor
148890.0,Do not cast your pearls before swine
148895.0,It will be all the same a thousand years hence
148901.0,Custom is a second nature
148909.0,"First love, last love"
148910.0,Old dogs will learn no new tricks
148912.0,Trust not a woman even when dead
148915.0,An old ox makes a straight furrow
148919.0,Old habits die hard
148921.0,Sus magis in caeno gaudet quam fonte sereno
148938.0,"As you sow, you shall mow"
148940.0,"Sow thin, shear thin"
148942.0,He that sows the wind will reap the whirlwind
148945.0,"Early sow, early mow"
148948.0,"There comes nothing out of the sack, but what is in it"
148950.0,Frogs breed frogs
148952.0,"Hot soup, hot swallow"
148962.0,"Who breaks, pays"
148970.0,"As you make your bed, so must you lie"
148983.0,"As the pay, so the work"
148994.0,A great ship asks deep waters.
149000.0,Every sore has its salve
149008.0,A little bird is content with a little nest
149022.0,"If the cap fits, you wear it"
149024.0,To each foot its own shoe
149025.0,"As the wind blows, you must set your sails"
149027.0,A fish out of water
149042.0,He who wishes a fire must put up with the smoke
149053.0,The biter must be bit
149054.0,One nail drives another
149059.0,"Out of nothing, nothing is made"
149061.0,It's no use pumping a dry well
149071.0,It's very hard to shave an egg
149076.0,All dreams are lies
149078.0,What matters if we drink milk in a dream out of bellmetal or gold?
149079.0,Wishers and woulders are never good householders
149080.0,Too much hope deceives
149086.0,Too much hope deceives
149088.0,He that lives on hope will die fasting
149095.0,If 'ifs' and 'ans' were pots and pans there's be no work for tinkers' hands
149096.0,If my aunt had been a man she'd have been my uncle.
149098.0,"If the sky falls, we shall catch larks"
149102.0,Almost' never killed a fly
149107.0,Money doesn’t grow on trees
149111.0,Better an egg today than a hen tomorrow
149114.0,A bird in the hand is worth two in the bush
149119.0,Strech your legs according to your coverlet
149125.0,Catch the bear before you sell the skin
149128.0,Catch not a shadow and lose the substance
149129.0,Time and tide wait for no man
149137.0,Let bygones be bygones
149145.0,It's no use crying over spilt milk
149156.0,A man cannot live by air
149164.0,You cannot make velvet of a sows ear
149165.0,You can't milk a bull
149167.0,It's like drawing blood from a stone
149170.0,"An injury graves itself in metal, but a benefit writes itself in water"
149171.0,Building upon the sand
149176.0,Hard words break no bones
149178.0,Good words fill no sack
149181.0,Keep your thanks to feed your chickens
149186.0,The wolf eats counted and uncounted sheep
149191.0,Seeing is believing; feeling is the naked truth
149203.0,"No cows, no care"
149204.0,He that has nothing can never be bankrupt
149210.0,One body is no body
149211.0,Once is no rule
149217.0,One hand will not clasp
149223.0,The frog burst when it tried to make itself as big as a bull
149229.0,It's like looking for a needle in a bottle of hay
149238.0,A bald head is soon shaven.
149240.0,There is the sea - and who shall drain it dry? (Aischylos)
149241.0,A little sheep always seems young
149249.0,Small is beautiful
149255.0,Small rain allays a great wind
149260.0,There is no little enemy
149270.0,The tree is crooked but its fruit sweet
149273.0,Tall oaks from little acorns grow
149276.0,A little more breaks the horse's back
149277.0,The last drop makes the cup run over
149278.0,Hair by hair old heads go bare
149279.0,Large streams from little fountains flow
149280.0,From a little seed may spring a great stock
149281.0,A small spark may make a great fire
149282.0,He that steals an egg will steal an ox
149284.0,Give a clown your finger and he'll take your whole hand
149288.0,"Men trip not on mountains, they stumble over stones"
149293.0,Sheep follow sheep
149294.0,One fool makes a hundred
149299.0,A fool may throw a stone into a well which a hundred wise men cannot pull out
149303.0,One rotten apple will spoil the whole barrel
149304.0,"A bug in the butter, Eine Fliege verdirbt den ganzen Brei"
149306.0,Don't spoil the ship for a halfpennyworth of tar
149310.0,A storm in a teacup
149316.0,"Penny-wise, pound-foolish"
149322.0,One flower makes no garland
149328.0,You can't flay the same ox twice
149332.0,Mit der Nadel gräbt man keinen Brunnen
149335.0,Einen Bären schlägt man nicht mit einem Strochhalm
149348.0,Take not a musket to kill a butterfly
149349.0,Eagles catch no flies
149354.0,The cure is worse than the disease
149357.0,"Where the horse lies down, there some hair will be found"
149363.0,If there is no wind the trees do not quiver
149364.0,"Love, cough and itch cannot be hid"
149365.0,There is no smoke without fire
149368.0,"Someone died, someone cried"
149375.0,"The bird is known by its note, the man by his words"
149376.0,A bird is known by its flight
149378.0,One knows a man by his trade even if it is drinking beer
149380.0,The lion is known by his claws
149395.0,It will be a forward cock that crows in the shell
149396.0,The true nettle stings when it is young
149397.0,It is soon apparent which trees will bear fruit
149402.0,"Cold hand, warm heart"
149406.0,He that will lie will steal
149407.0,"Quick at meat, quick at work"
149409.0,Give a dog a bad name and hang him
149417.0,"Once a thief, always a thief"
149429.0,It is easy to be brave from a safe distance
149432.0,"Gold is proved in the fire, and acceptable men in the furnace of humiliation"
149438.0,Beware of a silent dog and still water
149441.0,Many kiss the child for the nurse's sake
149444.0,He that makes himself an ass must not take it ill if men ride him
149445.0,Make yourself all honey and the flies will devour you
149447.0,"A honey tongue, a heart of gall"
149451.0,A saint's words and a cat's claws
149452.0,Fair words and foul deeds
149458.0,The eye is the mirror of the soul
149461.0,The heart is weeping and the mouth is smiling
149467.0,Tone makes music
149466.0,Clothes make the man
149475.0,Fine feathers make fine birds
149500.0,"Red hair, devil's hair"
149508.0,He that hath a beard is more than a youth; and he that hath no beard is less than a man
149514.0,"If the beard were all, the goat might preach"
149519.0,Beauty and chastity seldom meet
149523.0,Better to be than to seem good
149525.0,Appearances are deceptive
149531.0,"Fair is not fair, but that which pleases"
149536.0,No rose without a thorn
149537.0,The beauty is only a skin deep (...but a skin deep; within is filth an putrefaction)
149540.0,The fairest silk is soonest stained
149544.0,A handsome hostess is bad for the purse
149545.0,Beauty is a blossom
149549.0,All that glitters is not gold
149554.0,Every reed will not make a pipe
149559.0,All are not cooks that carry long knives
149564.0,A long nose never spoiled a handsome face
149565.0,There is more than one ass at the fair called Martin
149566.0,There are more maids than Maukin and more men than Michael
149575.0,A wolf in sheep's clothing
149580.0,"A young saint, an old devil"
149585.0,A woman's tears and a dog's limping are not real
149588.0,Beauty will buy no beef
149596.0,You cannot know wine by the barrel
149601.0,The hand which touches bran will touch money
149609.0,Black earth yields white bread
149612.0,Keep smiling
149615.0,"Beads about the neck, and the devil in the heart"
149625.0,A tall man lacks wisdom
149627.0,A big head and little wit
149629.0,"The bigger they are, the harder they fall"
149640.0,Truth is stranger than fiction
149646.0,"All the world's a stage, and all the men and women merely players"
149653.0,Nature is content with little
149657.0,Life is not a bed of roses
149659.0,Youth once gone is gone
149664.0,"We are born crying, live complaining, and die disappointed"
149684.0,The life of man is as spotted as woodpecker's coat
149686.0,A pot oft sent to the well is broken at last
149698.0,All the fingers are not alike
149700.0,All men are not alike
149701.0,It take all sorts to make a world
149704.0,All men cannot do all things
149711.0,Every man has his own style like his own nose
149720.0,There are men and men
149729.0,Every ass loves to hear himself to bray
149735.0,Every man to his trade
149737.0,Many are called but few are chosen
149739.0,Variety is the spice of life
149741.0,"The cat and dog may kiss, yet are none the better friends"
149742.0,Fire and flax agree not
,"The camel has his plans, and the camel-driver has his plans"
149754.0,Man is a wolf to man
149757.0,Gifts from enemies are dangerous
149758.0,"He that has a fox for his mate, has need of a net at his girdle"
149760.0,It is better to laugh than to cry
149765.0,Music hath charms to soothe the savage breast
149768.0,"To the happy, time is swift"
149769.0,Love is swift of foot
149773.0,A merry heart lives long
149778.0,Care killed the cat
149780.0,"Rost frisst Eisen, Sorge den Weisen"
149782.0,Sorrow will pay no debt
149784.0,Crying will not mend matters
149798.0,"War, hunting and love, for one pleasure bring a thousand pains"
149800.0,One day of pleasure is worth two of sorrow
149801.0,After joy comes sorrow
149803.0,He that laughs in the morning weeps at night
149815.0,A fool is ever laughing
149821.0,It is hard to lift a full cup without spilling
149822.0,Long jesting was never good
149828.0,I gran dolori sono muti
149829.0,He who conceals his grief dies of it
149833.0,To weep is to make less the depth of grief
149838.0,Need makes the naked man run
149843.0,Hunger drives the wolf out of the woods
149848.0,A baited cat may grow as fierce as a lion
149852.0,"A hungry man, an angry man"
149854.0,"Play, women and wine undo men laughing"
149855.0,The empty leech sucks sore
149856.0,Poverty is the mother of crime
149860.0,Need knows no law
149862.0,Necessity is the mother of invention
149866.0,Hunger is the teacher of all arts
149868.0,"When it thunders, the thief becomes honest"
149869.0,Hunger breaks stonewalls
149872.0,When times are hard even the male will cub
149878.0,Love will find out the way
149881.0,Baghdad is not remote to a lover
149886.0,A fair face is half a portion
149890.0,Beauty opens all doors
149898.0,Where there is butter there are flies
149900.0,No larder but hath its mice
149903.0,"Where one feels pain, there will he keep his hand"
149912.0,Give a sprat to catch a herring
149923.0,"Where the carcass is, the ravens will gather"
149931.0,Love is stronger than death
149933.0,Perfect love casts out fear
149934.0,All is fair in love and war
149939.0,"Love and a cough (smoke, an itch) cannot be hid"
149940.0,Love is blind
149941.0,Beauty is in the eye of the beholder
149944.0,Love makes all equal
149946.0,Love lives in cottages as well as in courts
149948.0,"Knowledge and love, altogether cotton not"
149950.0,Love's malady without a cure
149954.0,A cat dreams of mice
149955.0,"Who goes to bed supperless, all night tumbles and tosses"
149960.0,The ass dreams of thistles
149964.0,A watched kettle never boils
149967.0,To the place where the heart loves the feet will carry you
149969.0,A good hunger is the best sauce
149971.0,Hunger makes hard beans sweet
149974.0,Better some of the pudding than none of a pie
149975.0,"When hungry, any food is fit for a while"
149978.0,"If you have not a capon, feed on onion"
149982.0,Villano affamato è mezzo arrabbiato
149983.0,"When the mouse has had enough, the meal is bitter"
149989.0,Fat bellies make empty skulls
149997.0,The bear that is hungry never dances
150008.0,Content is more than a kingdom
150010.0,"Long absent, soon forgotten"
150013.0,Loving comes by looking
150018.0,Better fill a glutton's belly than his eye
150020.0,Covetousness is the root of all evil
150025.0,You give the wolf the wether to keep
150026.0,Don't set the wolf to keep the sheep
150033.0,What's got over the devil's back is bent under his belly
150034.0,"A dog will not cry, if you beat him with a bone"
150035.0,"While the hound gnaws bone, companions will be none"
150038.0,No man is content with his lot
150049.0,Better fill a glutton's belly than his eye
150050.0,They are greedy dogs which can never have enough
150052.0,A beggar's purse is bottomless
150055.0,Much would have more
150066.0,"All covet, alla lose"
150069.0,"All covet, all lose"
150071.0,No pride like that of an enriched beggar
150074.0,A curst dog must be tied short
150077.0,Moderation in all things
150088.0,Extremes are dangerous
150090.0,Greediness bursts the bag
150093.0,More die by food than famine
150096.0,Too much honey cloys the stomach
150099.0,To bite off more than one can chew
150101.0,Let not your tongue cut your throat
150103.0,"Live not to eat, but eat to live"
150112.0,He is rich who is satisfied
150114.0,A fat kitchen is near to poverty
150129.0,A good dinner is worth more than a fine coat
150143.0,It's by the mouth of the cow that the milk comes
150144.0,It is hard for an empty bag to stand upright
150149.0,The proof of the pudding is in the eating
150155.0,A white loaf and hard cheese never shames the master
150162.0,The stomach is an eye easily blinded
150164.0,Appetite comes with eating
150167.0,Fair words butter no parsnips
150168.0,"Back may trust, but belly won't"
,A hut of reeds with mirth therein is better than a palace with grief therein
150184.0,Butter verdirbt keine Kost
150223.0,Light supper makes long life
150246.0,Wine is old men's milk
150252.0,"Ever drunk, ever dry"
150266.0,"When the drink goes in, the wit goes out"
150272.0,Drunkenness reveals what soberness conceals
150274.0,In wine is truth
150299.0,Wine has drowned more than the sea
150307.0,There is nothing blessed in every respect
150310.0,Nobody is perfect
150311.0,"The fox knows many tricks, but the hedgehog one great one"
150312.0,Never is a long term
150314.0,Jupiter laughs at the perjuries of lovers
150315.0,It happens in an hour that happens not in seven years
150317.0,The exception proves the rule
150320.0,Comparisons are odious
150325.0,A fool may give a wise man counsel
150332.0,To err is human
150334.0,"We are all Adam's children, but silk makes the difference"
150339.0,No garden without its weed
150343.0,Black sheep occur in every family
150344.0,Every bean has its black
150345.0,There's no fish without bones
150350.0,"The spirit is willing, but the flesh is weak"
150354.0,Even Homer sometimes nods
150356.0,The best cloth may have a moth in it
150360.0,The best horse stumbles
150364.0,Good swimmers at last are drowned
150367.0,Not every ball hits
150370.0,A little is better than none
150372.0,Better one small fish than an empty dish
150374.0,Better half an egg than an empty shell
150375.0,Better some of pudding than none of a pie
150377.0,A little stream will quench a great thirst
150379.0,Better a clout than a hole out
150381.0,There is no hair so small but has its shadow
150383.0,Better one-eyed than stone-blind
150384.0,A bad bush is better than no shelter
150387.0,Better lose much than lose more
150388.0,Better late than never
150389.0,We never know the value of water till the well is dry
150391.0,The cow does not know what her tail is worth until she has lost it
150393.0,Any port in a storm
150399.0,"When there is no fish in the river, shrimps are valued"
150405.0,A drowning man plucks at a straw
150413.0,In the kingdom of the blind the one-eyed is king
150416.0,A great ceremony for a small saint
150419.0,None is too old for love
150422.0,Even a fly has its spleen
150435.0,We are all Adam's children
150437.0,The sun shines upon all alike
150439.0,The sun will shine on our side of the fence
150440.0,Every heart has his own ache
150444.0,From a great hight a great fall
150445.0,A cat may look at a king
150451.0,Death makes equal the high and low
150452.0,Every hair casts its shadow
150453.0,"Kein Vogel fliegt so hoch, er kommt wieder auf die Erde"
150462.0,The world is a wide parish
150467.0,Crooked logs make straight fires
150478.0,Where God has a church the devil will have his chapel
150479.0,God sends the corn and the devil mars the sack
150482.0,Behind the cross there is the devil
150488.0,Where there is an advantage there is also a disadvantage
150495.0,Many a true word is spoken in jest
150499.0,There is but one step from the sublime to the ridiculous
150501.0,Folly and learning often dwell together
150502.0,Sweetest wine makes sharpest vinegar
150508.0,Love is full of fear
150510.0,What goes up must come down
150514.0,Extremes meet
150525.0,Plenty is no dainty
150533.0,All are not friends that speak us fair
150539.0,Keep the golden mean
150547.0,Better is the enemy of good
150548.0,You must take the bad with the good
150550.0,Contraries are cured by contraries
150557.0,Among evils choose the least
150562.0,A little pot is soon hot
150571.0,Do not cry for the moon
150572.0,His reach exceeding his grasp
150575.0,Hasty climbers have sudden falls
150577.0,A man can do no more than he can
150578.0,There is a limit to everything
150586.0,"Every rope has two ends, and tomorrow is yet to come"
150588.0,Every medal has its reverse
150589.0,"So many men, so many minds; so many dogs, so many kinds"
150591.0,No vice but hath its patron
150594.0,The dew to the ant is a flood
150603.0,The ass was invited to a wedding to carry wood or water
150606.0,One man's death is another man's breath
150607.0,"Des Einen Glück, des Andern Unglück"
150611.0,About tastes there is no disputing
150615.0,"There is good in everything, even in misfortune"
150617.0,Better an ass that carries us than a horse that throws us
150620.0,No great loss without some gain
150640.0,Make a virtue of necessity
150641.0,He that loses anything and gets wisdom by it gains by the loss
150647.0,All cats are grey in the dark
150650.0,All cats are alike in the dark
150653.0,"Neither fish nor flesh, nor good red herring"
150658.0,Like the cow that gives a good pail of milk and then kicks it over
150661.0,To steal the goose and give the giblets in alms
150663.0,"Give a thing and take a thing, that's an old man's plaything"
150664.0,The left hand doesn't know what the right hand is doing
150667.0,To give a thing and take a thing is fit for the devil's darling
150669.0,The heart has reasons of which reason has no knowledge
150685.0,The cat would eat fish and would not wet her paws
150687.0,"Honey is sweet, but the bee has a sting"
150702.0,Absence makes the heart grow fonder
150703.0,Sorrows remembered sweeten present joy
150712.0,"It's virtue, and not birth, that makes us noble"
150715.0,Noblesse oblige
150720.0,A good conscience is a soft pillow
150723.0,A guilty conscience is a self-accuser
150724.0,Better a good name than riches
150727.0,Better a good name than riches
150735.0,An honest death is preferable to a dishonest life
150736.0,"If you do good, good will be done to you"
150742.0,Honour follows him who flees from it
150743.0,"Do what you ought, let come what may"
150744.0,You cannot be lost on a straight road
150750.0,His name will live forever
150752.0,"A diamond is valuable, though it lie on a dunghill"
150770.0,Honour to whom honour is due
150771.0,Loss of honour is loss of life
150779.0,Where there is no shame there is no honour
150789.0,"Virtue is the foundation of happiness, vice the presage of misery"
150796.0,Knavery may serve a turn but honesty never fails
150800.0,"Evil gotten, evil spent"
150802.0,Ill-gotten goods seldom prosper
150805.0,Crime does not pay
150806.0,Punishment is lame but it comes
150808.0,Honesty is the best policy
150810.0,Lies have short legs
150811.0,Thuth always rises above falsehood as oil rises above water
150813.0,A liar is not believed when he speaks the truth
,Ignorance of the law excuses no one
150819.0,Confession is the first step to repentance
150824.0,Curst cows have curt horns
150836.0,If you follow a crow long enough you light on carrion
150844.0,A lord's heart and a beggar's purse agree not
150850.0,Great thieves hang little ones
150851.0,Little thieves we hang but great ones we let go
150853.0,People want to be deceived
150854.0,It's sometimes good to hold a candle to the devil
150856.0,Best fishing in troubled waters
150865.0,The end justifies the means
150863.0,Stolen fruit tastes sweet
150871.0,"Give-gaff is a good man, but he is soon weary"
150874.0,Honour and profit lie not in one sack
150877.0,Ill weeds grow apace
150879.0,It is easier to pull down than to build
150882.0,Ill weeds grow apace
150896.0,When the tree is grown its planter is dead
150897.0,Fools make feasts and wise men eat them
150899.0,"One sows, another mows"
150905.0,Asses carry the oats and horses eat them
150925.0,Mild physician—putrid wounds
150926.0,A kind heart dies wretched
150931.0,"Respect yourself, or no one else will respect you"
150934.0,Great honours are great burdens
150935.0,Better be envied than pitied
150948.0,"The more you stroke the cat's tail, the more he raises his back"
150951.0,Ignorance is the mother of impudence
150952.0,The heaviest ear of corn bends lowest
150954.0,Modesty is the beauty of women
150965.0,Eigenlieb ist niemand lieb
150967.0,Self-praise is no praise
150972.0,Self-praise is no recommendation
150973.0,Self-praise stinks
150976.0,"Great boast, small roast"
150986.0,Pride goes before the fall
151003.0,"The greater the tree, the harder the fall"
151011.0,No man is an island
151012.0,Blood is thicker than water
151037.0,A man's enemies are they of his own household Bib:Math.10:36
151050.0,There are as many good stepmothers as white ravens
151055.0,"May your father die, not your mother"
151080.0,Like begets like
151081.0,Boys will be men
151084.0,"Like father, like son"
151085.0,"Take a vine of a good soil, and a daughter of a good mother"
151094.0,Kit after kind
151098.0,People who come from hell are not afraid of hot ashes
151101.0,Deep calls to deep
151106.0,The apple doesn't roll far from the apple tree
151107.0,You can't get figs from thistles
151119.0,A black hen may bring forth white eggs
151128.0,A ragged colt may make a good horse
151129.0,A tender mother breeds a scabby daughter
151133.0,Clergymen's sons always turn out badly
151141.0,After a gatherer comes a scatterer
151148.0,The fathers have eaten sour grapes and the children's teeth are set on edge
151154.0,A centipede though dead will not fall
151158.0,Little pitchers have big ears
151160.0,"If baby doesn't cry, mother doesn't know what baby wants"
151166.0,"Little children, little sorrows; big children, big sorrows"
151188.0,It's a wise child that knows its own father
151197.0,"Mother's rod is woolly, a stranger's rod is bloody"
151199.0,"Und ist eine Mutter noch so arm, so giebt sie ihrem Kinde warm"
151202.0,A mother's love will draw up from the depths of the sea
151214.0,He who heeds his parents kneads a whole troughful of bread for himself
151218.0,Better children weep than old men
151223.0,Woe to the kingdom whose king is a child
151232.0,"Shame arises from the fear of men, conscience from the fear of God"
151240.0,Spare the rod and spoil the child
151241.0,A good example is the best sermon
151259.0,Lawmakers should not be lawbreakers
151271.0,"One father can support ten children, ten children cannot support one father"
151278.0,"Short pleasure, long pains"
151281.0,Children are poor men's riches
151296.0,"He that hath one hog, makes him fat; and he that hath one son, makes him a fool"
151309.0,"A woman's hair is long, but her sense short"
151318.0,"Marry your son when you will, but your daughter, when you can"
151341.0,"Men make houses, but women make homes"
151349.0,"Play, women and wine undo men laughing"
151353.0,Winter weather and women's thoughts change often
151365.0,A woman's chief weapon is the tongue and she will not let it rust
151371.0,"A woman's advice is but slender, yet he that refuses it is a madman"
151381.0,A woman can do more than the devil
151382.0,Three geese and three women make up a market
151388.0,No greater torment than to be alone in paradise
151393.0,Wood burns most bright when joined with other wood
151399.0,Daughters and dead fish are no keeping wares
151403.0,"Early marriage, long love"
151412.0,For every Jack there is somewhere a Jill
151413.0,Matches are made in heaven
151415.0,"Seigneur sans dame, ce n'est que vent"
151419.0,Old wood makes the best fire
151420.0,Old oxen have stiff horns
151430.0,"Sorrow for a husband is like pain in the elbow, sharp and short"
151449.0,"Who marries does well, who marries not does better"
151453.0,The medicine for hate is separation
151454.0,Better to be half hanged than ill wed
151459.0,It is bad with the bad [i.e. the woman] but worse without the bad
151469.0,The error of one moment becomes the sorrow of a whole life
151470.0,A house without woman and firelight is like a body without soul or sprite (B.Franklin)
151485.0,Choose a wife rather by your ear than your eye
151489.0,Never seemed a prison fair or mistress foul
151508.0,A black hen lays a white egg
151515.0,"Like blood, like good, and like age make the best marriage"
151517.0,He that marries for wealth does sell his liberty
151522.0,Near marriage and distant service are best
151550.0,Wedlock is a padlock
151552.0,Love is not complete without a quarrel
151553.0,The course of true love never did run smooth
151555.0,Love is never without jealousy
151565.0,"When love cools, our faults are seen"
151569.0,Mills and wives are ever wanting
151578.0,A good anvil does not fear the hammer
151579.0,The anvil is not afraid of the hammer
151592.0,A good wife makes a good husband
151593.0,"One bone, one flesh"
151606.0,"Before you trust a man, eat a peck of salt with him"
151609.0,A man's best fortune or his worst is his wife
151612.0,The new love oft chaseth out the old
151617.0,A wife isn't a kantele to hang on the wall
151629.0,"What woman wills, God wills"
151635.0,A married man turns his staff into a stake
151639.0,"Three things drive a man out of his house: smoke,rain and a scolding wife"
151644.0,It's a sad house where the hen crows louder than the cock
151647.0,The husband is the head of the wife
151657.0,"A woman, a dog and a walnut-tree, the more you beat them the better they'll be"
151669.0,Old young and old long
151671.0,All is gay that is green
151675.0,You must learn to creep before you go
151680.0,"If youth only knew, if age only could"
151682.0,Bend the willow while it is young
151696.0,The older the wiser
151697.0,Don't teach your grandmother to suck eggs
151698.0,Reason comes with years
151707.0,No fool like an old fool
151711.0,"What we first learn, we best know"
151712.0,Lazy youth makes lousy age
151718.0,"He that is not handsome at 20, nor strong at 30, nor rich at 40, nor wise at 50, will never be handsome, strong, rich or wise"
151720.0,They who would be young when they are old must be old when they are young
151725.0,"The later love comes, the more it burns"
151726.0,Old dogs will learn no new tricks
151732.0,"The older the goose, the harder to pluck"
151733.0,There's many a good tune played on an old fiddle
151736.0,A fox is not taken twice in the same snare
151741.0,The old cow thinks she was never a calf
151744.0,To have one foot in the grave
151745.0,"Wenn der Wolf alt wird, reiten ihn die Krähen"
151755.0,He who lives long knows what pain is
151757.0,Age and wedlock we all desire and repent of
151760.0,Old age is sickness of itself
151763.0,Old men are twice children
151773.0,Old age is honourable
151781.0,Older and wiser
151782.0,An old dog barks not in vain
151784.0,"Counsel from the old, action from the young"
151785.0,An old man is not to be laughed at
151794.0,Health before wealth
151797.0,A sickly body makes a sickly mind
151798.0,Health is not valued till sickness comes
151804.0,An apple a day keeps the doctor away
151806.0,Better wait on the cook than the doctor
151807.0,"The head and feet keep warm, the rest will take no harm"
151817.0,Bitter pills may have sweet effects
151821.0,Like cures like
151827.0,A good gaper makes two gapers
151833.0,"An old physician, a young lawyer"
151836.0,The doctor is never killed because the patient dies
151837.0,"Physicians' faults are covered with earth, and rich men's with money"
151838.0,It is a good doctor who follows his own advice
151841.0,God heals and the doctor takes the fee
151854.0,Though the wound be healed a scar remains
151857.0,Mischiefs come by the pound but go away by ounces
151862.0,Better the grave than a life of want
151873.0,The cracked pot lasts longest
151874.0,"Lange Krankheit, sicher Tod"
151886.0,"Young men may die, old men must die"
151889.0,Every fox must pay his own skin to the flayer
151890.0,Der Tod fragt nicht nach den Zähnen
151893.0,Death spares neither small nor great
151895.0,All that lives must die
151896.0,Death makes equal the high and low
151914.0,Deaths foreseen come not
151921.0,Death comes early to all
151924.0,"Today gold, tomorrow dust"
151926.0,"Today red, tomorrow dead"
151931.0,Death and the sun are not to be looked on with a steady eye
151932.0,Nothing is certain but death
151937.0,There is a remedy for everything but death
151938.0,There is a remedy for all things except death
151945.0,It is only the dead who do not return
151949.0,When the oil is exhausted the lamp goes out
151953.0,Besser es fresse mich ein Wolf als ein Schaff
151957.0,For our country it is bliss to die
151959.0,A man can only die once
151961.0,Death admits no appeals
151965.0,A shroud has no pockets
151972.0,About the dead nothing except good
151976.0,It is safer to commend the dead than the living
151980.0,Leave the dead to bury their dead
151983.0,A dead dog cannot bite
151985.0,A man among the geese when the gander is away
151990.0,Dead men tell no tales
151997.0,As a tree falls so it shall lie
152001.0,He goes long barefoot that waits for dead man's shoes
152010.0,"A candle, by consuming itself, gives light to others"
152014.0,The heart's case is hard to open
152021.0,None knows the weight of another's burden
152024.0,The comforter's head never aches
152037.0,Everyone knows best where the shoe pinches
152042.0,no man sees clear-eyed his own faults
152044.0,You see the mote in another's eye ...
152048.0,Happy Tommy Crump ne'er sees his own hump
152055.0,The kettle calls the pot black arse
152066.0,The onlooker sees most of the game
152070.0,The eye that sees all things sees not itself
152077.0,"Physician, heal yourself!"
152086.0,He that has a great nose thinks everybody is speaking of it
152087.0,Don't measure another man's foot by your own last
152096.0,The thief thinks all men are like himself
152100.0,"Who has bitter in his mouth, spits not all sweet"
152107.0,The heart never grows old
152111.0,"All that we know is, nothing can be known"
152115.0,Seeing is believing; feeling is the naked truth
152118.0,Seeing is believing
152119.0,"Plato is a friend, but a greater friend is truth"
152120.0,A man is known by the company he keeps
152138.0,Ill company brings many a man to the gallows
152142.0,That which is evil is soon learnt
152144.0,A friend's eye is a good mirror
152147.0,How agree the kettle and the earthen pot together?
152152.0,"Geese with geese, and women with women"
152158.0,Those that eat cherries with great persons shall have their eyes splinted out with the stones
152173.0,A thief knows a thief and a wolf knows a wolf
152178.0,Birds of a feather flock together
152181.0,Claw me and I'll claw you
152183.0,Great minds think alike
152187.0,"When in Rome, do as the Romans do"
152204.0,One must howl with the wolves
152206.0,With foxes you must play the fox
152211.0,He that lies down with dogs must rise up with fleas
152215.0,Better be alone than in bad company
152224.0,"He that serves a community is controlled by everyone, rewarded by none"
152227.0,Seven shepherds spoil a flock
152229.0,"If two families keep a boat, it leaks"
152233.0,The common horse is worst shod
152239.0,Too many cooks spoil the broth
152250.0,"The master absent, the house dead"
152260.0,Render to everyone what is his due
152263.0,"Self do, self have"
152264.0,A voluntary burden is no burden.
152268.0,Dry bread at home is better than roast meat abroad
152272.0,Better buy than borrow
152275.0,A friend in court is better than a penny in the purse
152278.0,Let every man carry his own sack to the mill
152279.0,Every miller is ready to convey water to his own mill
152282.0,Every man for himself
152284.0,Charity begins at home
152291.0,Every horse thinks his own pack heaviest
152300.0,Every ape thinks her puppie the fairest
152301.0,Every pedlar praises his own needles
152304.0,A dear child is given many names
152306.0,An ass is beautiful to an ass and a pig to a pig
152313.0,Beauty is in the eye of the beholder
152314.0,Every mother thinks her own gosling a swan
152321.0,Everyone thinks his own fart smells sweet
152324.0,Each bird loves to hear himself sing
152330.0,Better to rear a pig than to bring up some body else's child
152333.0,Giving to oneself is better than receiving
152334.0,What you can do alone by yourself expect not from another
152335.0,God helps those who help themselves
152338.0,Eat of your own and call yourself mine
152342.0,Bid me and do it yourself
152352.0,Every man is the architect of his own fortune
152361.0,A burden of one's own choice is not felt
152362.0,Better go to bed supperless than rise in debt
152363.0,Debt is the worst kind of poverty
152364.0,Borrowing brings sorrowing
152369.0,Who depends upon another man's table often dines late
152393.0,Death pays all debts
152395.0,"He that does lend, loses his friend"
152397.0,Be surety and danger is at hand
152402.0,Loaned out trousers don't get better
152409.0,Creditors have better memories than debtors
152411.0,From a bad paymaster get what you can
152415.0,Honour the tree that gives you shelter
152416.0,We are all in the same boat
152430.0,Do the duty that lies nearest thee
152438.0,"One bone, one flesh"
152441.0,One hand washes another
152443.0,One for all and all for one
152444.0,The chain is no stronger than its weakest link
152448.0,Not even Hercules could contend against two
152458.0,Four eyes see better than two
152463.0,A threefold cord is not quickly broken
152466.0,A house divided against itself cannot stand
152472.0,The lone sheep's in danger of the wolf
152476.0,Union is strenght
152479.0,Many hands make quick work
152480.0,Make short the miles with talk and smiles
152481.0,Good company is a good coach
152486.0,One can work well with many and eat well with few
152488.0,Whatever man has done man can do
152489.0,All the keys hang not at one man's gridle
152492.0,"Ants, fighting together, will vanquish the lion"
152498.0,The voice of the people is the drum of God
152499.0,A joy that's shared is a joy made double
152501.0,"Joy shared, joy doubled; sorrow shared, sorrow halved"
152505.0,One finger gashed - all the fingers are covered with blood
152507.0,Do not cut off your nose to spite your face
152511.0,"When the next house is on fire, it is high time to look to your own"
152526.0,A man may provoke his own dog to bite
152528.0,It is an ill bird that fouls its own nest
152531.0,"The fox seldom preys near home, nor does Satan meddle with his own"
152533.0,One cannot watch the thief of one's own house
152534.0,Dirty linen ought to be washed in private
152538.0,Crows do not pick out crow's eyes
152549.0,The wrath of brothers is fierce and devilish
152554.0,Your elbow is close at hand but you can't bite it
152558.0,"A lion at home, a mouse abroad"
152562.0,A roving dog runs against a stick
152566.0,To dine with Duke Humphrey
152568.0,The absent party is always to blame
152570.0,The dead are soon forgotten
152583.0,Other's bread has seven crusts
152584.0,Borrowed garments never fit well
152591.0,Forbidden fruit is sweet
152597.0,The grass is always greener next door (...on the other side of the fence)
152610.0,If you are over fastidious you will fare worse
152613.0,Every bird must hatch its own eggs
152622.0,He who is useless for himself is useless for others
152624.0,Don't poke your nose into other people's affairs
152627.0,Curiosity killed the cat
152639.0,Sweep before your own door
152641.0,"Put an other man's child in your bosom, and he'll creep out at your elbow"
152642.0,No man is indispensable
152645.0,Sieben soll nicht harren auf einen Narren
152653.0,The beggar is never out of his way
152654.0,Beggars are no choosers
152657.0,Grass grows not upon the highway
152660.0,Rats desert a sinking ship
152677.0,The hare always returns to her form
152687.0,Every bird think its own nest best
152695.0,"East or west, home is best"
152699.0,Every bird thinks its own nest charming
152703.0,My home is my castle
152711.0,Smoke of a man's own house is better than the fire of another's
152718.0,Remove an old tree and it will die
152720.0,Three removes are as bad as a fire
152722.0,A cock crows best on his dunghill
152734.0,Familiarity breeds contempt
152743.0,A good neighbour at hand is better than a brother far away
152747.0,Better is a neighbour that is near than a brother far off
152749.0,My country is wherever I am well
152756.0,"The fly says:""The world is before and behind"" =it is at home everywhere"
152758.0,Pain is felt by its owner
152759.0,A man pleads anothers's cause with a stick
152762.0,He jests at scars that never felt a wound
152767.0,To pull the nuts from the fire with the dog's foot
152768.0,A hired horse tired never
152770.0,Broad thongs are cut out of another man's leather
152783.0,"He that gives all before he dies, provides to suffer"
152784.0,He that takes the devil into the boat must carry him over the sound
152785.0,He must have a long spoon that sups with the devil
152786.0,"Save a thief from the gallows, and he'll be the first to cut your throat"
152788.0,Jest with an ass and he will flap you in the face with his tail
152791.0,Breed up a crow and he will tear out your eyes
152795.0,To warm a snake in your bosom
152814.0,Better give than take
152815.0,Alms never make poor
152818.0,What you have given will be a shield
152834.0,He that bringeth a present findeth the door open
152836.0,"There is a time to weep, and a time to laugh"
152842.0,One good turn deserves another
152843.0,One good turn asks another
152847.0,Love is the true price of love
152851.0,Confidence begets confidence
152855.0,Do as you would be done by
152857.0,Do well and have well
152861.0,What is sauce for the goose is sauce for the gander
152862.0,Do as you would be done by
152863.0,To accept a favour is to sell one's liberty
152867.0,He falls himself that digs another's pit
152882.0,A hearty welcome is worth half a feast
152895.0,Honey is not for the ass's mouth
152900.0,A guest after three days becomes unwelcome
152913.0,"He that comes now and then, shall have a fat hen"
152921.0,"Not to give chase to those who leave, nor refuse those who come"
152929.0,"Come uncalled, sit unserved"
152930.0,He who comes uncalled sits unserved
152932.0,Proffer'd service stinks
152933.0,Give not counsel or salt till you are asked
152936.0,Shame take him that shame thinketh
152937.0,Courtesy costs nothing
152942.0,Do not look a gift horse in the mouth
152949.0,Do not talk Arabic in the house of a Moor
152967.0,A good deed is soon forgotten
152970.0,"Danger past, God forgotten"
152971.0,The Moor has done his duty let him go
152973.0,The world's coin is ingratitude
152975.0,To do good to an ungrateful man is to throw rose-water in the sea
152979.0,Small presents keep up friendship
152980.0,Small gifts keep freindship alive
152984.0,Life without a friend is death without a witness
152988.0,A faithful friend is hard to find
152989.0,A faithful friend is a strong defence
152996.0,A good friend is better than a near relation
152999.0,An onion with a friend is a lamb
153002.0,"One enemy is too much for a man in a great post, and a hundred friends are too few"
153003.0,A friend's frown is better than a fool's smile
153005.0,"If you have no enemies, it is a sign that fortune has forgot you"
153006.0,"Defend me from my friends, from enemies I will defend myself"
153008.0,First try then trust
153010.0,A hedge between keeps friendship green
153014.0,He covers me with his wings and bites me with his bill
153016.0,A friend to all is a friend to none
153017.0,He must rise early that would please everybody
153024.0,Between friends all is common
153026.0,The best mirror is an old friend
153032.0,A friend in need is a friend indeed
153043.0,Love should not be all on one side
153044.0,Courtesy on one side only lasts not long
153046.0,Love cannot be forced
153047.0,It takes two to make a quarrel
153053.0,A friend's dinner is soon dight
153055.0,Broken friendships may be soldered but never sound
153057.0,A friend is not so soon gotten as lost
153064.0,A good neighbour is a precious thing
153068.0,"Kauf dir kein Haus, kauf dir den Nachbarn"
153072.0,Nobody can live longer in peace than his neighbour pleaseth
153081.0,A hedge between keeps friendship green
153086.0,"Two is company, three is none"
153091.0,Two dogs strive for a bone and the third runs away with it
153095.0,"When thieves fall out, honest men get their own"
153100.0,Hard with hard makes not the stone wall
153104.0,Nemo potest digne dominis servire duobus
153105.0,Between the hammer and the anvil
153106.0,Don't go between the tree and the bark
153112.0,All who take the sword die by the sword
153114.0,"Harm watch, harm catch"
153118.0,Querrelsome dogs get dirty coats
153124.0,Tit for tat
153127.0,There must be two at least to a quarrel
153128.0,A stick has two ends
153130.0,People who live in glass houses should not throw stones
153134.0,Judge not lest ye be judged
153136.0,A joke never gains an enemy but often loses a friend
153137.0,He who spits towards the sky gets it back into his own face
153143.0,Envy never dies
153144.0,Envious heart fretteth itself
153146.0,Things most excellent are ever most envied
153148.0,Envy is its own torturer
153155.0,Don't hit a man when he is down
153157.0,A fair wife and a frontier castle breed quarrels
153158.0,One beggar grieves that another goes by the gate
153171.0,Iron sharpen iron
153173.0,Even birds in a nest quarrel
153186.0,A stick is soon found to beat a dog with
153187.0,Barking dogs seldom bite
153194.0,Covardly dogs bark much
153198.0,All are not thieves that dogs bark at
153199.0,Let people talk and dogs bite
153202.0,The dogs bark but the caravan goes on
153213.0,A threatened blow is seldom given
153220.0,"See all, say nothing, hold yourself content"
153223.0,To master one's self is the greatest mastery
153232.0,Cats hide their claws
153235.0,Once you have put your hand to the plough there is no turning back
153238.0,If you make a jest you must take a jest
153245.0,Many do kiss the hand they wish to see cut off
153251.0,Don't cast dirt into that fountain of which you have sometime to drink
153256.0,Gentleness achieves more than violence
153257.0,Frightening of a bird is not the way to catch it
153258.0,A drop of honey catches more flies than a gallon of gall
153265.0,"Ill-deem'd, half-hanged"
153270.0,He that cannot beat the horse beats the saddle
153272.0,Beat the dog before the lion
153274.0,You aim at magpies but shoot at crows
153275.0,Life is a struggle
153290.0,"If you want peace, prepare for war"
153293.0,One sword drawn keeps another in the scabbard
153303.0,Better an egg in peace than an ox in war
153304.0,A bad compromise is better than a good lawsuit
153308.0,Better an egg in peace than an ox in war
153311.0,Anger is misery
153317.0,War is death's feast
153319.0,Ill comes upon war's back
153327.0,Fire is not quenched by fire
153328.0,"For ill do well, then fear no hell"
153338.0,"When a man grows angry, his reason rides out"
153341.0,Hate is always picking a quarrel
153344.0,One can't make war with rose water
153349.0,"Where the red goat was lying, the grass does not grow for forty years =riddle: war, forest fire"
153362.0,Beware the fury of a patient man
153367.0,Vengeance does not spoil with keeping
153371.0,Offenders never pardon
153372.0,"Eye for eye, tooth for tooth"
153374.0,Alte Wunden soll man nicht aufreissen
153383.0,Do not let sunset find you still nursing your anger
153386.0,The noblest vengeance is to forgive
153387.0,Two wrongs don't make a right
153388.0,Two blacks don't make a white
153389.0,One does not wash away blood with blood
153390.0,For a fleeing enemy make a silver bridge
153392.0,To add oil to the fire
153394.0,The tongue kills man and the tongue saves man
153395.0,Opinion governs all
153401.0,A word in time saves nine
153403.0,That which cometh from the heart will go to the heart
153406.0,Good words break no bones
153409.0,A soft answer turneth away wrath
153410.0,A soft answer turns away wrath
153411.0,A soft tongue may break down solid bone
153416.0,Proverbs are the wisdom of the streets
153419.0,A word spoken is an arrow let fly
153420.0,Words cut more than swords
153424.0,Evil words cut worse than swords
153426.0,"Words may pass, but blows fall heavy"
153433.0,Few words are best
153440.0,"Truth gives a short answer, lies go round about"
153441.0,Truth needs no colours
153443.0,Few words are best
153452.0,"Be swift to hear, slow to speak"
153453.0,He that talks much errs much
153455.0,"Act quickly, think slowly"
153458.0,"He that knows not to hold his tongue, knows not how to talk"
153460.0,There is a time to speak and a time to be silent
153466.0,All that is known is not told
153473.0,The heart of a fool is in his mouth
153475.0,A fool's tongue runs before his wit
153478.0,A fool when he is silent is counted wise
153481.0,Empty barrels make the most noise
153482.0,The worst wheel always creaks most
153483.0,Never give advice unasked
153484.0,What the heart thinks the tongue speaks
153490.0,"What the heart thinks, the mouth speaks"
153497.0,A dumb man never gets land
153499.0,"Hide nothing from thy minister, physician and laywer"
153509.0,All truth must not be told at all times
153510.0,He that tells a secret is another's servant
153512.0,Speech has been given to man so that he may disguise his thoughts
153514.0,What is in the pot will come out in the ladle
153517.0,Bad news travels fast
153521.0,No secret but between two
153523.0,What is told in the ear of a man is often heard a hundred miles away
153525.0,Tell no one what you do not wish to be repeated
153531.0,Ill news comes apace
153532.0,No news is good news
153534.0,Ill news come apace
153535.0,Fame has wings
153539.0,Post verba verbera
153542.0,A lie begets a lie
153554.0,A word spoken is an arrow let fly
153557.0,He who says what he likes shall hear what he does not
153561.0,Better slip with foot than with tongue
153571.0,Every time the sheep bleats it loses a mouthful
153574.0,The fish is killed by its mouth
153585.0,The more it is stirred the more it will stink
153586.0,"Speak fitly, or be silent wisely"
153590.0,"Speech is silver, silence is gold"
153591.0,He cannot speak well who cannot hold his tongue
153596.0,Into a shut mouth flies fly not
153599.0,Keep your mouth shut and your eyes open
153604.0,Fools never perceive where they are ill-timed or ill-placed
153612.0,Great cry and little wool
153618.0,"Saying is one thing, doing another"
153622.0,Action speaks louder than words
153627.0,Actions speak louder than words
153631.0,Easier said than done
153641.0,Take a man by his word and a cow by her horn
153649.0,A promise is a debt
153652.0,He that promises too much means nothing
153655.0,Eggs and oaths are easily broken
153656.0,Be slow to promise and quick to perform
153666.0,"When the fox preaches, take care of your geese"
153677.0,A good liar needs a good memory
153684.0,A travelled man has leave to lie
153689.0,Face your troubles cheerfully
153697.0,A bad workman quarrels with his tools
153702.0,Sour grapes as the fox said when he could not reach them
153708.0,Fools and madmen speak the truth
153709.0,Children and drunken folk speak the truth
153710.0,It is true that all men say
153711.0,Truth will out
153714.0,A deserved reproach hurts
153715.0,Not all truths are proper to be told
153716.0,That is true which stands the flame
153717.0,"Truth may be blamed, but cannot be shamed"
153720.0,Speak the truth and shame the devil
153726.0,The truthful man has no room even in the tavern
153728.0,To tell the truth makes enemies
153730.0,Nimium altercando veritas amititur
,"Follow not truth too near the heels, lest it dash out thy teeth"
153734.0,Better ask than go astray
153742.0,A clever tongue will take you anywhere.
153749.0,A stupid question deserves no answer
153750.0,A fool may ask more questions in an hour than a wise man may answer in a year
153754.0,Silence gives consent
153757.0,My clock strikes once only
153765.0,A little bird told me
153768.0,"The most deadly of wild beasts is a backbiter, of tame ones a flatterer"
153775.0,A clean hand wants no washing
153778.0,Scandal will rub out like dirt when it is dry
153781.0,Fling dirt enough and some will stick
153784.0,Believe only half of what you hear
153793.0,Pigs grunt about everything and nothing
153804.0,"He that has ears to hear, let him hear"
153811.0,In at one ear and out at the other
153816.0,Walls have ears
153817.0,Listeners never hear any good of themselves
153825.0,Talking pays no toll
153829.0,Thoughts are free from toll
153831.0,Every cock sings in his own manner
153836.0,The lion is not so fierce as he is painted
153837.0,The devil is not so black as he is painted
153840.0,The fish that gets away is always a large one
153846.0,He is not free that draws his chain
153847.0,Jest not with the eye nor religion
153848.0,Dead folks are past fooling
153853.0,Horseplay is fool's play
153854.0,The play won't pay the candles
153866.0,What's writ is writ
153869.0,Paper won't blush
153879.0,The prince that is feared of many must fear many
153881.0,Winds sweep the summits
153884.0,Nothing that is violent is permanent
153895.0,"Where God bestows an office, he gives brains to fill it"
153897.0,Great men have reaching hands
153906.0,A king's favour is no inheritance
153908.0,"So many servants, so many enemies"
153917.0,Kings go mad and the people suffer for it
153921.0,The master's footsteps fatten the soil
153922.0,The eye of the master will do more work than both his hands
153929.0,When the cat is away the mice play
153937.0,He that has no head needs no hat
153938.0,"When the head is sick, the whole body is sick"
153940.0,"When the shepherd is angry with his flock, he appoints a blind sheep as leader"
153943.0,Fish begins to stink at the head
153944.0,"Like master, like man, Like king, like people"
153955.0,Two kings in one kingdom do not agree well together
153965.0,Two of a trade never agree
153970.0,"You a gentleman and I a gentleman, who will milk the cow?"
153976.0,Never argue against one who is greater than you
153991.0,"As long as the gypsy has tongs, he will not burn his fingers"
154006.0,All lay load on the willing horse
154010.0,A good horse should be seldom spurred
154013.0,"A nod for a wise man, and a rod for a fool"
154016.0,A good shepherd shears his sheep and does not skin them
154021.0,Don't kill the goose that lays the golden eggs
154022.0,Don't throw out the baby with the bathwater
154023.0,One cannot force a dog to hunt
154031.0,Better have a bad ass than to be your own ass
154037.0,Divide and conquer
154039.0,"All by kindness, nothing by force"
154043.0,Everyone should sweep before his own door
154049.0,"Under the lamp, darkness"
154050.0,The moon is not seen when the sun shines
154057.0,Better be first in a village than second at Rome
154060.0,Better be the head of a dog than the tail of a lion
154061.0,Better to trust in God than in his saints
154068.0,In the Emperor's presence to abide is just like sleeping by a tiger's side
154083.0,"Whose bread I eat, his song I sing"
154085.0,To dance to a person's pipe
154101.0,With one's hat in one's hand one goes throughout the land
154111.0,Liberty is better than gold
154112.0,Nightingales will not sing in a cage
154136.0,He who has a fellow-ruler has an over-ruler
154138.0,A rascal grown rich has lost all his kindred
154140.0,He who is on horseback will not spare his own father alive
154144.0,Set a beggar on horseback and he'll ride to the devil
154148.0,Honours change manners
154155.0,"The higher the ape goes, the more he shows his tail"
154158.0,"For want of a wise man, a fool is set in the chair"
154175.0,The shoulder is not higher than the head
154185.0,It does not become the sparrow to mix in the dance of the cranes
154194.0,Don't make the plough go before the horse
154201.0,"Cobbler, stick to your last"
154219.0,Learned fools are the greatest fools
154222.0,Flies haunt lean horses
154224.0,The ass carries gold and eats thistles
154225.0,The great fish eat the small
154226.0,The pleasures of the mighty are the tears of the poor
154228.0,It is as good to be in the dark as without light
154232.0,"Kings may love treason, but the traitor hate"
154238.0,Das Urteil der Welt ist veränderlich wie Aprilwetter
154258.0,He that eats king's goose shall be choked with the feathers
154259.0,Better to be sledge than anvil
154265.0,Anger without power is folly
154266.0,There is no arguing with a large fist
154269.0,God is always on the side of the battalions
154274.0,Losers are always in the wrong
154275.0,Might is right
154278.0,Possession is eleven points of the law
154283.0,Attack is the best defence
154286.0,Diamonds cut diamonds
154297.0,"Love me, love my dog"
154298.0,"Love me, love my dog"
154306.0,There is sure to be fuel near a big tree
154310.0,Der Wölfe tod ist der Schafe heil
154313.0,It is easy to swim if another holds up your chin
154314.0,It's good walking with a horse in hand
154315.0,Great trees are good for nothing but shade
154323.0,Money is the only monarch
154327.0,Money makes the mare go
154329.0,Nothing more eloquent than ready money
154340.0,Money commands all
154342.0,Money talks
154343.0,Money talks
154348.0,A bribe enters without knocking
154358.0,Friends scatter as soon as they have drained our wine-jar
154360.0,Money finds friends
154364.0,Poverity has no relations
154377.0,"Love does much, but money does everything"
154378.0,Love comes in at the windows and goes out at the doors
154388.0,Death pays all debts
154390.0,Money has no smell
154406.0,The gift blinds the wise
154409.0,No one gets rich if he is honest
154410.0,Gifts break a rock
154411.0,If you grease well you speed well
154413.0,Money makes money
154414.0,Money begets money
154425.0,Money is round and meant to roll
154433.0,He is a wretch that hath no money
154447.0,A rich man's foolish sayings pass for wise ones
154448.0,A poor man's tale cannot be heard
154450.0,It's no use braying at the moon
154453.0,A man without money is a bow without an arrow
154454.0,"God makes and apparel shapes, but it's money that finishes the man"
154458.0,A proud pauper and a rich miser are contemptible beings
154467.0,Old age is a heavy burden
154481.0,"If it should rain porridge, he would want his dish"
154501.0,"No man is born into the world, whose work is not born with him"
154515.0,He that has a fair wife needs more than two eyes
154539.0,It is ill speaking between a full man and a fasting
154542.0,Travellers on horseback know nothing of the toil of those who travel on foot
154545.0,"Bear wealth, poverty will bear itself"
154557.0,"He that has teeth has no bread, he that has bread has no teeth"
154560.0,"Much coin, much care"
154565.0,Money is a good servant but a bad master
154575.0,Poverty is no shame
154599.0,Good laws proceed from bad manners
154601.0,Custom rules the law
154607.0,Go to the for a sheep and lose a cow
154608.0,Fools build houses and wise men buy them
154613.0,"Laws are like cobwebs which may catch flies, but let wasps and hornets through"
154614.0,"The more laws, the more offenders"
154616.0,Justice without mercy is extreme injury
154618.0,"No accuser, no judge"
154621.0,No one can be judge in his own cause
154629.0,Don't hear one and judge two
154631.0,"Not caught, not guilty"
154633.0,The will is taken for the deed
154640.0,Man hängt keinen zweimal: Alle Sünden in eine münden
154642.0,One eyewitness is worth ten earwitnesses
154644.0,Better be foolish with all than wise by yourself what everybody says must be true
154649.0,"Who breaks, pays"
154650.0,"First come, first served"
154652.0,He's an ill cook that cannot lick his own fingers
154670.0,Findings are keepings
154674.0,Ambassador carries no punishment
154676.0,"Look before you leap, for snakes among sweet flowers do creep"
154682.0,"No receiver, no thief"
154687.0,The fiend laughs when one thief robs another
154690.0,Thieves are never rogues among themselves
154693.0,The shepherd who praises the wolf hates the sheep
154696.0,Suspiction always haunts the guilty mind
154698.0,Murder will out
154703.0,There is nothing covered up that will not be uncovered
154716.0,The dog returns to his vomit
154717.0,A criminal always returns to the scene of his crime
154718.0,"He that does ill, hates the light"
154719.0,The thief doth fear each bush an officer
154723.0,When anyone has learnt to steal he must also learn to hang
154732.0,He is no merchant that always wins
154734.0,He that has no silver in his purse should have silver on his tongue
154735.0,Good workmen are seldom rich
154739.0,A fair exhange is no robbery
154740.0,Business is business
154748.0,Correct accounts keep good friends
154751.0,Everything is worth its price
154752.0,"No pay, no play"
154759.0,Give a sprat to catch a herring
154760.0,He that would catch fish must venture his bait
154762.0,"Giving is dead nowadays, and restoring very sick"
154768.0,Shoemakers' wives are worst shod
154771.0,Don't recon without your host
154773.0,He who pays the piper calls the tune
154796.0,Cheapest is dearest
154800.0,The best is cheapest
154803.0,Good ware will sell itself
154816.0,Ask and have is sometimes dear buying
154821.0,"As enough, and you may lower the price as you list"
154830.0,There are more foolish byers than foolish sellers
154833.0,He that blames would buy
154839.0,"Beyers want a hundred eyes, sellers none"
154840.0,He that buys what he does not want must often sell what he does want
154845.0,Caution is the mother of wit
154855.0,"Forewarned, forearmed"
154856.0,Opportunity makes the thief
154864.0,"Beware of a woman before, of a horse behind, of a cart sideways, of a priest everyday"
154866.0,Plenty is no plague
154870.0,Safety first
154891.0,The night is a cloak for sinners
154904.0,He that looks not before finds himself behind
154905.0,"Keep your eyes open, a sale is a sale"
154907.0,Fields have eyes and woods have ears
154921.0,"Qui cherche le danger, y périra"
154927.0,A rat who gnaws at a cat's tail invites destruction
154934.0,Don't play with fire
154936.0,Do not play with edged tools
154944.0,"Stecke nicht deine Hand in alle Löcher, entweder kommt eine Schlange oder eine Eidechse heraus"
154952.0,"When in doubt, leave it out"
154954.0,Still waters run deep
154958.0,"Harm watch, harm catch"
154963.0,An enemy does not sleep
154969.0,First things first
154972.0,Do not keep all your eggs in one basket
154973.0,A mouse that has but one hole is soon caught
154975.0,"Good riding at two anchors, men have told, for if the one fails, the other may hold"
154993.0,"No way so smooth, but it has some rub"
155002.0,A middle course is safest
155003.0,Slow and steady wins the race
155006.0,"He that leaves the highway to cut short, commonly goes about"
155015.0,Who goes for a day in the forest should take bread for a week
155018.0,In a long journey straw weights
155039.0,Knowledge is power
155043.0,Kowledge is better than riches
155044.0,Wisdom is neither inheritance nor legacy
155051.0,Skill is better than force
155059.0,Better an open enemy than a false friend
155062.0,Much is expected where much is given
155065.0,"Fast bind, safe bind"
155067.0,It is an equal failing to trust everybody and to trust nobody
155071.0,He that knows nothing doubts nothing
155074.0,Never buy a pig in a poke
155079.0,Seeing is believing
155091.0,"If fools went to market, bad ware would not be sold"
155094.0,"When God wishes to destroy, he first deprives of reason"
155095.0,Fools grow without watering
155097.0,If all fools had daubles we should want fuel
155102.0,None so blind as those who won't see
155104.0,A blind man should not judge of colours
155110.0,You cannot see the wood for the trees
155114.0,A word to the wise is sufficient
155117.0,He was in Rome and did not see the pope
155124.0,Robbing Peter to pay Paul
155127.0,To lose a goose and get a feather
155132.0,Don't take out of one pocket to put in the other
155134.0,He carries water in a sieve
155135.0,Don't cut off the bough on which you are sitting
155138.0,Drive the nail that will go
155146.0,"Was man nicht in Kopfe hat, das muss man in den Beinen haben"
155155.0,He pours water into the sea
155163.0,Don't fish for strawberries in the bottom of the sea
155174.0,"The butcher look'd for his knife, when he had it in his mouth"
155176.0,You look for the horse you ride on
155179.0,It is not necessary to teach a fish to swim
155183.0,Never put a sword in a madman's hand
155188.0,Never bray at an ass
155189.0,Praise a fool and you water his folly
155193.0,He who thinks himself wise is a great fool
155195.0,A fool may put something in a wise body's head
155196.0,If the blind lead the blind both shall fall into the ditch
155199.0,"Courage lost, all lost"
155200.0,Never look back
155203.0,Fortune favours the brave
155206.0,"Nothing risk, nothing win"
155208.0,Take the will for the deed
155209.0,Fortune favours the brave
155212.0,Forbear not sowing because of birds
155215.0,He who is ashamed to eat is ashamed to live
155217.0,He that will conquer must fight
155218.0,"One cheek is bloody, the other greasy"
155220.0,He that would have the eggs must bear the cackling
155221.0,He that would catch fish must not mind getting wet
155222.0,The best fish swim deep
155226.0,He that steals honey schould beware of the sting
155241.0,No pains no gains
155245.0,Fear has a thousand eyes
155247.0,Man muss den Teufel nicht an die Wand malen
155253.0,He that fears every bush must never go a-birding
155260.0,The fright is greater than the wound
155261.0,Better die once than live in continual fear
155267.0,Better the devil you know than the devil you don't
155269.0,Live and let live
155271.0,The wise head gives in
155273.0,Better bend than break
155277.0,It is hard to swim against the stream
155278.0,In a calm sea every man is a pilot
155280.0,"If the mountain does not come to Mahomet, Mahomet must go to the mountain"
155281.0,Wise fear begets care
155284.0,Discretion is the better part of valour
155291.0,A living dog is better than a dead lion
155302.0,There is no such thing as a foolish trade
155304.0,"Like workman, like work"
155309.0,A trade in hand finds gold in every land
155314.0,Good advice is above price
155318.0,Work bears witness who well does
155324.0,"If a job is worth doing, it's worth doing well"
155328.0,A blind man will not thank you for a looking-glass
155329.0,A bald-headed man finds a comb
155349.0,What is a workman without his tools?
155350.0,What is a workman without his tools?
155369.0,A cat in gloves catches no mice
155373.0,No flying without wings
155377.0,Where there is a will there's a way
155384.0,He that will eat the kernel must crack the nut
155387.0,"He who seeks, finds"
155393.0,Each one has to scratch for himself
155394.0,'tis better than riches to scratch when it itches
155395.0,One may lead a horse to water but he cannot make him drink
155396.0,The wind blows where it wills
155397.0,He that touches pitch shall be defiled
155399.0,Heaven is high up and the king far away
155400.0,"Like hen, like chicken"
155401.0,"When a thing is done, advice comes too late"
155406.0,A man without shame is always full
155423.0,"It is not the places that grace men, but men the places"
155431.0,Every man is his own enemy
155438.0,"If you take care of the soil, the soil will take care of you"
155444.0,"As we live, so shall we end"
155446.0,There is no such word as impossible
155451.0,Step after step the ladder is ascended
155460.0,He who has been to the mill has flour on his cap
155462.0,Don't throw the rope after the bucket
155463.0,Better never begun than never ended
155464.0,The road to hell is paved with good intentions
155466.0,Better to bow than break
155468.0,No remedy like patience
155472.0,By perseverance the snail reached the ark
155479.0,An ounce of patience is worth a pound of brains
155482.0,Constant dropping wears the stone
155484.0,An oak is not felled at one stroke
155494.0,Men leap over where the hedge is lowest
155499.0,Jack of all trades is of no trade (...master of none)
155502.0,A man of many trades begs his bread on Sunday
155509.0,You cannot hold two watermelons in one hand
155514.0,One shouldn't burn the candle at both ends
155515.0,"He that hath many irons in the fire, some will cool"
155517.0,Dogs that put up many hares kill none
155518.0,Jack of all trades and master of none
155520.0,No man can serve two masters
155533.0,We learn by teaching
155537.0,Between two stools is the fall
155539.0,He who is not with me is against me
155540.0,One gives nothing so liberally as advice
155542.0,Who loves to roam may lose his home
155544.0,Keep your fellows' counsel and your own
155551.0,Don't change horses in midstream
155552.0,"As the call, so the echo"
155554.0,"As the question, so the answer"
155555.0,"As the question, so the answer"
155561.0,In doing good one does it to oneself; in doing evil one does it to oneself
155580.0,Diligence is the mother of good fortune
155581.0,He that labours and thrives spins gold
155584.0,"No pains, no gains"
155585.0,"No song, no supper"
155600.0,Sloth is the mother of poverty
155611.0,"they must hunger in winter, that will not work in summer"
155613.0,"No sweat, no sweet"
155614.0,He who would catch fish must not mind getting wet
155615.0,"No sweat, no sweet"
155617.0,A good workman is never overpaid
155623.0,"When a great oak falls, every neighbour may scuffle for a faggot"
155629.0,A tethered sheep soon starves
155643.0,Fish is not caught without bait
155666.0,Idle folks lack no excuses
155669.0,To quake at work and sweat at meals
155672.0,Who more busy than they that have least to do?
155678.0,A lazy man is the devil's bolster
155694.0,Business before pleasure
155700.0,On ne peut faire qu'en faisant
155708.0,"After dinner sit a while, after supper, walk a mile"
155712.0,A bow long bent at last grows weak
155718.0,Christmas comes but once a year
155721.0,"The more the merrier, the fewer the better cheer"
155725.0,After the feast comes the reckoning
155727.0,Doing nothing is hard work
155728.0,Work is the spice of life
155731.0,Hard work never hurt anybody
155732.0,The tree is known by his fruit
155733.0,"Such apple-tree, such fruit"
155734.0,Work produces virtue and virtue honour
155739.0,A rolling stone gathers no moss
155744.0,Idleness is the key of beggary
155751.0,Iron not used soon rusts
155753.0,Standing pools gather filth
155769.0,Who does nothing makes no mistakes
155771.0,Quick at meal quick work
155775.0,A sleeping man is not hungry
155778.0,Who will not keep a penny shall never keep many
155779.0,A penny spared is twice got
155782.0,Drop by drop the lake is drained
155800.0,Saving is the first getting
155804.0,"Waste not, want not"
155806.0,You cannot have your cake and eat it
155825.0,"Like lips, like lettuce"
155833.0,"Dress drains our cellar dry, and keeps our larder clean"
155835.0,The law is not concerned with trifles
155837.0,A broken sack will hold no corn
155845.0,Gardener's dog neither eats cabbage himself nor lets anybody else
155848.0,He'd skin a louse and send the hide and fat to market
155857.0,Only what one has eaten is one's own
155858.0,"What the good-wife spares, the cat eats"
155860.0,Death has the key to open the miser's chest
155861.0,"Like a hog, he does no good till he dies"
155897.0,No day without a line
155865.0,Today is yesterday's pupil
155866.0,Advercity is a good teacher
155867.0,Years know more than books
155870.0,"Travel makes a wise man better, but a fool worse"
155881.0,He that travels far knows much
155886.0,Time will tell
155890.0,Travellers have leave to lie
155896.0,I fear the man of one book
155898.0,"Never too old to learn, never too late to turn"
155899.0,"Art is long, life is short"
155901.0,Ignorance is bliss
155903.0,Too much knowledge makes the head bald
155914.0,A word is enough to the wise
155915.0,None so deaf as those who will not hear
155917.0,He that will not be counselled cannot be helped
155929.0,You must learn to obey before you command
155930.0,Poured water won't stay in the well
155935.0,He that washes an ass's head shall lose both lye and his labour
155936.0,Das Amt lehret den Mann
155939.0,None is born a master
155941.0,A barber learns to shave by shaving fools
155946.0,"Learn weeping, and thou shalt laugh gaining"
155947.0,Nurture surpasses nature
155951.0,Every man has his forte
155958.0,A young trooper should have an old horse
155959.0,Practice makes perfect
155964.0,Repetition is the mother of studies
155969.0,"If a man cheats me once, shame on him; if he cheats me twice, shame on me"
155973.0,A burned child dreads the fire
155975.0,"Once bitten, twice shy"
155978.0,"Once bitten, twice shy"
155982.0,Failure teaches success
155985.0,By others' faults wise men correct their own
155986.0,One grain suffices to test a whole pot of boiled rice
155987.0,It is never too late to learn
155989.0,The early bird catches the worm
155994.0,"Early to bed and early to rise makes a man healthy, wealthy and wise"
155999.0,"First come, first served"
156002.0,"Eat, afterwards bones only remain"
156005.0,Time is money
156007.0,Everything has its time
156009.0,"There is a time to be born, and a time to die"
156010.0,Make hay while the sun shines
156016.0,Strike while the iron is hot
156019.0,When the pear is ripe it falls
156024.0,"As the twig is bent, so it grows"
156027.0,Measure thrice and cut once
156030.0,When fortune smiles embrace her
156036.0,"When the mutton is going, it is good to take a slice"
156041.0,Birds fly not into our mouths ready roasted
156043.0,Christmas comes but once a year
156047.0,Prevention is better than cure
156048.0,A little fire is quickly trodden out
156053.0,A stitch in time saves nine
156058.0,He doubles a gift that gives in time
156067.0,Never put off till tomorrow what you can do today
156077.0,Delay always brings danger
156084.0,Pick and choose and take the worst
156085.0,Better spare at the brim than at the bottom
156086.0,It is too late to cast anchor when the ship is on the rocks
156096.0,Slow help is no help
156097.0,He that has no head need no hat
156102.0,After death the doctor
156103.0,Don't lock the stable-door after the horse has been stolen
156105.0,"He gives by halves, who hesitates to give"
156111.0,After death a doctor
156112.0,After-wit is everybody's wit
156114.0,"While the grass grows, the horse starves"
156119.0,While the grass is growing the steed starves
156121.0,Punctuality is the politeness of kings
156126.0,Early up and never the nearer
156127.0,Never cackle till your egg is laid
156132.0,One swallow makes no summer
156133.0,Between cup and the lip a morsel may slip
156137.0,Look before you leap
156142.0,You cannot contract for the fish that is in the sea
156143.0,Dont boil your fish till they are hooked
156146.0,Don't count your chickens before they are hatched
156149.0,Speak no ill of the year before it's gone
156150.0,Call no man happy before he dies
156152.0,Praise day at night and life at the end
156157.0,A thousand years hence the river will run as it did
156162.0,Tomorrow is a new (another) day
156167.0,An inch an hour is a foot in a day's work
156173.0,Put off is not put away
156180.0,Time and tide wait for no man
156182.0,We lose nothing by waiting
156186.0,Consult with your pillow
156190.0,Time discloses all
156191.0,Time will bring an answer
156192.0,With time and art the mulberry leafs grow to be satin
156193.0,Time is a great healer
156195.0,Ripe fruit falls of itself
156196.0,Time cures all things
156198.0,Keep a thing seven years and you will find use for it
156203.0,Slow and steady wins the race
156206.0,Hasten slowly
156207.0,Dress slowly when you are in a hurry
156216.0,A slow fire makes sweet meat
156217.0,Slow but sure
156226.0,"Easy come, easy go"
156227.0,"Early ripe, early rotten"
156230.0,Rome was not build in a day
156243.0,Haste makes waste
156245.0,Nothing in haste but catching fleas
156249.0,"Marry in haste, repent at leasure"
156250.0,Hasty judgement leads to repentance
156251.0,The hasty bitch brings forth blind whelps
156263.0,No two days are alike
156264.0,Times change and we change with them
156265.0,"Other days, other ways"
156266.0,There is nothing permanent except change
156267.0,The days follow each other but are not alike
156269.0,Time flies
156276.0,The world is a ladder for some to go up and some down
156277.0,"New lords, new laws"
156279.0,Every tide has its ebb
156281.0,After annoy there comes joy
156285.0,Time undermines us
156289.0,Life is but an empty dream
156297.0,"The last will be first, and the first last"
156301.0,New brooms sweep clean
156307.0,New things are fair
156312.0,He complains wrongfully of the sea that suffers shipwreck twice
156313.0,"What is valuable is not new, and what is new is not valuable"
156320.0,Don't throw away dirty water until you have not clean
156328.0,Old friends and old wine are best
156331.0,There's nothing new under the sun
156332.0,History repeats itself
156333.0,Nature does not make leaps
156335.0,Old wine in new skins
156339.0,Take heed of enemies reconciled and of meat twice boiled
156346.0,"Today a man, tomorrow a mouse"
156349.0,Don't call a morsel fat before you've skinned the animal
156356.0,"If fortune favours, beware of being exalted; if fortune thunders, beware of being overwhelmed"
156371.0,No day passes by without some grief
156372.0,No day passes without some grief
156378.0,Honour and ease are seldom bedfellows
156381.0,"The bitter past, more welcome is the sweet (Shakespeare)"
156387.0,Time cures all things
156397.0,After supper the reckoning
156398.0,Every cloud has a silver lining
156399.0,There is no night so dark but that it is surmonted with the day
156401.0,"If one door shuts, another will open"
156405.0,You cannot make an omelette without breaking eggs
156406.0,"Where there's life, there's hope"
156407.0,Without hope the heart would break
156408.0,Hope is no mockery
156412.0,"When the need is highest, help is nearest"
156415.0,Jeder Kuh ist früher ein Kalb gewesen
156417.0,"If you want to touch the head, first touch the foot"
156421.0,All beginnings are hard
156422.0,It is only the first step that counts
156429.0,"The best step, the first step"
156436.0,Well begun is half done
156440.0,The first dish pleases all
156441.0,It's the first impression that counts
156442.0,Who loves well is slow to forget
156447.0,Beware the rope's end
156450.0,All's well that ends well
156454.0,Always keep the end in view
156460.0,The end is the most difficult of all
156463.0,He laughs best who laughs last
156465.0,"The nearer the bone, the sweeter the meat"
156473.0,"Such a beginning, such an end"
156476.0,A bad beginning makes a worse ending
156477.0,A good beginning makes a good ending
156479.0,Everything has a beginning
156488.0,Everything has an end
156492.0,"Every day has its night, every weal its woe"
156494.0,He that says 'A' must also say 'B'
156501.0,Jamais deux sans trois
156502.0,All good things go in threes
156503.0,Who can do more can do less
