wisdom_extractor_exclusion_reason,source_id,kuusi_id,theme,main_class,subgroup_code,type_number,proverb_original,proverb_variant_1,proverb_variant_2,proverb_variant_3,proverb_variant_4,proverb_variant_extra,proverb_primary_en,proverb_primary_en_is_english,proverb_parse_warning,language_tags_raw,translation_tag_types,language_names_extracted,has_language_or_translation_tag,slug,missing_marker,cross_references,specific_reference,distribution,distribution_G_global_type,distribution_F_finnish_baltic_sea,distribution_E_europe_general,distribution_En_northern_europe,distribution_Ew_western_europe_americas,distribution_Es_southern_europe,distribution_Ee_eastern_europe,distribution_Eb_balkans,distribution_A_sub_saharan_africa,distribution_I_islamic_cultures,distribution_O_older_asiatic_cultures,distribution_P_pacific_area
not_english_ready,148420.0,A3c-31,A,A3,A3c,31,"Wen der Herrgott nass macht, den macht er auch wieder trocken","Wen der Herrgott nass macht, den macht er auch wieder trocken",,,,,"Wen der Herrgott nass macht, den macht er auch wieder trocken",0,ok,,,,0,unive3-a3c-20,-a,,,"F,Ew,Ee,I,O",0,1,0,0,1,0,1,0,0,1,1,0
not_english_ready,148852.0,C1b-20,C,C1,C1b,20,"Wenn der Edelstein auch in den Koth fällt, so bleibt er doch ein Edelstein","Wenn der Edelstein auch in den Koth fällt, so bleibt er doch ein Edelstein",,,,,"Wenn der Edelstein auch in den Koth fällt, so bleibt er doch ein Edelstein",0,ok,,,,0,unive3-c1b-112,-a,"F1a,H1e,C6d",,"F,Ew,I,O",0,1,0,0,1,0,0,0,0,1,1,0
not_english_ready,148921.0,C1d-23,C,C1,C1d,23,Sus magis in caeno gaudet quam fonte sereno (Latin),Sus magis in caeno gaudet quam fonte sereno (Latin),,,,,Sus magis in caeno gaudet quam fonte sereno,0,ok,(Latin),parenthetical_language,Latin,1,unive3-c1d-127,,,H5e 18b,"F,Ew,Ee",0,1,0,0,1,0,1,0,0,0,0,0
not_english_ready,149304.0,C4d-21,C,C4,C4d,21,"A bug in the butter, Eine Fliege verdirbt den ganzen Brei / A scabbit sheep files all the flock","A bug in the butter, Eine Fliege verdirbt den ganzen Brei",A scabbit sheep files all the flock,,,,"A bug in the butter, Eine Fliege verdirbt den ganzen Brei",0,ok,,,,0,unive3-c4d-209,,E1b,,G,1,0,0,0,0,0,0,0,0,0,0,0
not_english_ready,149332.0,C4h-14,C,C4,C4h,14,Mit der Nadel gräbt man keinen Brunnen,Mit der Nadel gräbt man keinen Brunnen,,,,,Mit der Nadel gräbt man keinen Brunnen,0,ok,,,,0,unive3-c4h-215,G,,,"E,A,I",0,0,1,0,0,0,0,0,1,1,0,0
not_english_ready,149335.0,C4h-17,C,C4,C4h,17,Einen Bären schlägt man nicht mit einem Strochhalm,Einen Bären schlägt man nicht mit einem Strochhalm,,,,,Einen Bären schlägt man nicht mit einem Strochhalm,0,ok,,,,0,unive3-c4h-216,-i,,,"F,Ew,O",0,1,0,0,1,0,0,0,0,0,1,0
blank_distribution,,D1d-16b,D,D1,D1d,16b,"The camel has his plans, and the camel-driver has his plans","The camel has his plans, and the camel-driver has his plans",,,,,"The camel has his plans, and the camel-driver has his plans",1,ok,,,,0,unive3-d1d-301,,,,,0,0,0,0,0,0,0,0,0,0,0,0
not_english_ready,149780.0,D2a-21,D,D2,D2a,21,"Rost frisst Eisen, Sorge den Weisen / Rdza trawi zelano, troska cz#lowieka (Polish)","Rost frisst Eisen, Sorge den Weisen","Rdza trawi zelano, troska cz#lowieka (Polish)",,,,"Rost frisst Eisen, Sorge den Weisen",0,ok,(Polish),parenthetical_language,Polish,1,unive3-d2a-311,,"H7k,H7c",H7c 11,"F,E,I,P",0,1,1,0,0,0,0,0,0,1,0,1
not_english_ready,149982.0,D3e-20b,D,D3,D3e,20b,Villano affamato è mezzo arrabbiato,Villano affamato è mezzo arrabbiato,,,,,Villano affamato è mezzo arrabbiato,0,ok,,,,0,unive3-d3e-366,,,,E,0,0,1,0,0,0,0,0,0,0,0,0
blank_distribution,,D4c-11,D,D4,D4c,11,A hut of reeds with mirth therein is better than a palace with grief therein trl. Chinese,A hut of reeds with mirth therein is better than a palace with grief therein trl. Chinese,,,,,A hut of reeds with mirth therein is better than a palace with grief therein,1,ok,trl. Chinese,translation_marker,Chinese,1,unive3-d4c-408,-a,,,,0,0,0,0,0,0,0,0,0,0,0,0
not_english_ready,150184.0,D4c-17b,D,D4,D4c,17b,Butter verdirbt keine Kost / Molto burro non guasta minestra,Butter verdirbt keine Kost,Molto burro non guasta minestra,,,,Butter verdirbt keine Kost,0,ok,,,,0,unive3-d4c-409,,,,"Ew,Es",0,0,0,0,1,1,0,0,0,0,0,0
not_english_ready,150453.0,E1g-22,E,E1,E1g,22,"Kein Vogel fliegt so hoch, er kommt wieder auf die Erde","Kein Vogel fliegt so hoch, er kommt wieder auf die Erde",,,,,"Kein Vogel fliegt so hoch, er kommt wieder auf die Erde",0,ok,,,,0,unive3-e1g-466,-i,H4a,,"E,A,O,P",0,0,1,0,0,0,0,0,1,0,1,1
not_english_ready,150607.0,E1k-26,E,E1,E1k,26,"Des Einen Glück, des Andern Unglück","Des Einen Glück, des Andern Unglück",,,,,"Des Einen Glück, des Andern Unglück",0,ok,,,,0,unive3-e1k-500,G,"H2c,B2c,E1l",,G,1,0,0,0,0,0,0,0,0,0,0,0
not_english_ready,150715.0,F1a-13,F,F1,F1a,13,Noblesse oblige / Adel verpflichtet / Nobleza obliga,Noblesse oblige,Adel verpflichtet,Nobleza obliga,,,Noblesse oblige,0,ok,,,,0,unive3-f1a-521,,"M4a,K1j,G2c,H3a,M4b",,"E,I",0,0,1,0,0,0,0,0,0,1,0,0
blank_distribution,,F1b-47c,F,F1,F1b,47c,Ignorance of the law excuses no one / Unwissenheit schütz vor Strafe nicht / Ignorantia iuris non excusat / Nul n'est censé ignorer la loi (Latin),Ignorance of the law excuses no one,Unwissenheit schütz vor Strafe nicht,Ignorantia iuris non excusat,Nul n'est censé ignorer la loi (Latin),,Ignorance of the law excuses no one,1,ok,(Latin),parenthetical_language,Latin,1,unive3-f1b-546,,,,,0,0,0,0,0,0,0,0,0,0,0,0
not_english_ready,150965.0,F2c-10,F,F2,F2c,10,"Eigenlieb ist niemand lieb / He that is full of himself is very empty / Qui s'aime trop, n'a point d'amis",Eigenlieb ist niemand lieb,He that is full of himself is very empty,"Qui s'aime trop, n'a point d'amis",,,Eigenlieb ist niemand lieb,0,ok,,,,0,unive3-f2c-576,,,,E,0,0,1,0,0,0,0,0,0,0,0,0
not_english_ready,151199.0,G3b-26,G,G3,G3b,26,"Und ist eine Mutter noch so arm, so giebt sie ihrem Kinde warm","Und ist eine Mutter noch so arm, so giebt sie ihrem Kinde warm",,,,,"Und ist eine Mutter noch so arm, so giebt sie ihrem Kinde warm",0,ok,,,,0,unive3-g3b-609,-i,"G1b,H2d,C6d,H4d",,"F,Ew,Ee,A,O",0,1,0,0,1,0,1,0,1,0,1,0
not_english_ready,151415.0,G5c-10,G,G5,G5c,10,"Seigneur sans dame, ce n'est que vent","Seigneur sans dame, ce n'est que vent",,,,,"Seigneur sans dame, ce n'est que vent",0,ok,,,,0,unive3-g5c-637,-i,"H4b,C2e,H3b,H3c",,"F,E,A,O",0,1,1,0,0,0,0,0,1,0,1,0
not_english_ready,151745.0,G6e-13,G,G6,G6e,13,"Wenn der Wolf alt wird, reiten ihn die Krähen","Wenn der Wolf alt wird, reiten ihn die Krähen",,,,,"Wenn der Wolf alt wird, reiten ihn die Krähen",0,ok,,,,0,unive3-g6e-693,-a,"H3i,K1l,F2a",,"E,I,O",0,0,1,0,0,0,0,0,0,1,1,0
not_english_ready,151890.0,G8a-18,G,G8,G8a,18,Der Tod fragt nicht nach den Zähnen / Death keeps no calendar / There are more lamb skins than sheep skins,Der Tod fragt nicht nach den Zähnen,Death keeps no calendar,There are more lamb skins than sheep skins,,,Der Tod fragt nicht nach den Zähnen,0,ok,,,,0,unive3-g8a-724,,"B2a,B2d",,Ew,0,0,0,0,1,0,0,0,0,0,0,0
not_english_ready,151953.0,G8d-15,G,G8,G8d,15,Besser es fresse mich ein Wolf als ein Schaff,Besser es fresse mich ein Wolf als ein Schaff,,,,,Besser es fresse mich ein Wolf als ein Schaff,0,ok,,,,0,unive3-g8d-738,-a,"F2a,M6e,G4b",,"F,Ew,I,O",0,1,0,0,1,0,0,0,0,1,1,0
not_english_ready,152645.0,H3h-11,H,H3,H3h,11,Sieben soll nicht harren auf einen Narren / Sette non devono aspettare uno,Sieben soll nicht harren auf einen Narren,Sette non devono aspettare uno,,,,Sieben soll nicht harren auf einen Narren,0,ok,,,,0,unive3-h3h-883,,,,"F,E",0,1,1,0,0,0,0,0,0,0,0,0
not_english_ready,153068.0,H6d-12,H,H6,H6d,12,"Kauf dir kein Haus, kauf dir den Nachbarn","Kauf dir kein Haus, kauf dir den Nachbarn",,,,,"Kauf dir kein Haus, kauf dir den Nachbarn",0,ok,,,,0,unive3-h6d-975,,M1b,,G,1,0,0,0,0,0,0,0,0,0,0,0
not_english_ready,153104.0,H7a-17,H,H7,H7a,17,Nemo potest digne dominis servire duobus (Latin),Nemo potest digne dominis servire duobus (Latin),,,,,Nemo potest digne dominis servire duobus,0,ok,(Latin),parenthetical_language,Latin,1,unive3-h7a-982,-i,,,"Ew,Ee,A,O",0,0,0,0,1,0,1,0,1,0,1,0
not_english_ready,153374.0,H7m-22,H,H7,H7m,22,Alte Wunden soll man nicht aufreissen,Alte Wunden soll man nicht aufreissen,,,,,Alte Wunden soll man nicht aufreissen,0,ok,,,,0,unive3-h7m-1044,-i,,,"Ew,Eb,A,O",0,0,0,0,1,0,0,1,1,0,1,0
not_english_ready,153539.0,J1e-25,J,J1,J1e,25,Post verba verbera /One ill word asks another,Post verba verbera,One ill word asks another,,,,Post verba verbera,0,ok,,,,0,unive3-j1e-1097,-a,T4e,,"F,E,I,O",0,1,1,0,0,0,0,0,0,1,1,0
not_english_ready,153730.0,J1k-25,J,J1,J1k,25,"Nimium altercando veritas amititur (Latin) / Disputation is the shifter out of the truth / Face to face, the truth comes out / De la discussion jaillit la lumière",Nimium altercando veritas amititur (Latin),Disputation is the shifter out of the truth,"Face to face, the truth comes out",De la discussion jaillit la lumière,,Nimium altercando veritas amititur,0,ok,(Latin),parenthetical_language,Latin,1,unive3-j1k-1138,,,,E,0,0,1,0,0,0,0,0,0,0,0,0
blank_distribution,,J1k-27,J,J1,J1k,27,"Follow not truth too near the heels, lest it dash out thy teeth / Qui talonne la verité trop près, pourra avoir les dents brisés /Quien sigue la veridad muy cerquita, podré haber los dientes quebrados","Follow not truth too near the heels, lest it dash out thy teeth","Qui talonne la verité trop près, pourra avoir les dents brisés","Quien sigue la veridad muy cerquita, podré haber los dientes quebrados",,,"Follow not truth too near the heels, lest it dash out thy teeth",1,ok,,,,0,unive3-j1k-1139,,,,,0,0,0,0,0,0,0,0,0,0,0,0
not_english_ready,154238.0,K1k-27,K,K1,K1k,27,Das Urteil der Welt ist veränderlich wie Aprilwetter,Das Urteil der Welt ist veränderlich wie Aprilwetter,,,,,Das Urteil der Welt ist veränderlich wie Aprilwetter,0,ok,,,,0,unive3-k1k-1231,,A3d,H2g 16b,"Ew,Es",0,0,0,0,1,1,0,0,0,0,0,0
not_english_ready,154310.0,K1m-20,K,K1,K1m,20,Der Wölfe tod ist der Schafe heil,Der Wölfe tod ist der Schafe heil,,,,,Der Wölfe tod ist der Schafe heil,0,ok,,,,0,unive3-k1m-1245,-a,,,"F,E,I,O",0,1,1,0,0,0,0,0,0,1,1,0
not_english_ready,154640.0,L1b-23,L,L1,L1b,23,Man hängt keinen zweimal: Alle Sünden in eine münden / Il n'est qu'une mauvaise heure en jour,Man hängt keinen zweimal: Alle Sünden in eine münden,Il n'est qu'une mauvaise heure en jour,,,,Man hängt keinen zweimal: Alle Sünden in eine münden,0,ok,,,,0,unive3-l1b-1300,,,G8d 20,"F,E",0,1,1,0,0,0,0,0,0,0,0,0
not_english_ready,154921.0,M1d-10,M,M1,M1d,10,"Qui cherche le danger, y périra (French)","Qui cherche le danger, y périra (French)",,,,,"Qui cherche le danger, y périra",0,ok,(French),parenthetical_language,French,1,unive3-m1d-1354,G,"C2c,E1b",H7b 12,"F,E,A,O,P",0,1,1,0,0,0,0,0,1,0,1,1
not_english_ready,154944.0,M1e-11,M,M1,M1e,11,"Stecke nicht deine Hand in alle Löcher, entweder kommt eine Schlange oder eine Eidechse heraus","Stecke nicht deine Hand in alle Löcher, entweder kommt eine Schlange oder eine Eidechse heraus",,,,,"Stecke nicht deine Hand in alle Löcher, entweder kommt eine Schlange oder eine Eidechse heraus",0,ok,,,,0,unive3-m1e-1358,G,,,G,1,0,0,0,0,0,0,0,0,0,0,0
not_english_ready,155146.0,M3d-29,M,M3,M3d,29,"Was man nicht in Kopfe hat, das muss man in den Beinen haben / Les jambes portent la faute de la tête","Was man nicht in Kopfe hat, das muss man in den Beinen haben",Les jambes portent la faute de la tête,,,,"Was man nicht in Kopfe hat, das muss man in den Beinen haben",0,ok,,,,0,unive3-m3d-1399,,,,"F,E,I",0,1,1,0,0,0,0,0,0,1,0,0
not_english_ready,155247.0,M4c-16,M,M4,M4c,16,Man muss den Teufel nicht an die Wand malen / Non tentare divolo,Man muss den Teufel nicht an die Wand malen,Non tentare divolo,,,,Man muss den Teufel nicht an die Wand malen,0,ok,,,,0,unive3-m4c-1427,,,,"F,E",0,1,1,0,0,0,0,0,0,0,0,0
not_english_ready,155936.0,M9d-10,M,M9,M9d,10,Das Amt lehret den Mann / La sagesse vient avec les emplois,Das Amt lehret den Mann,La sagesse vient avec les emplois,,,,Das Amt lehret den Mann,0,ok,,,,0,unive3-m9d-1573,,,,"F,E,A,O",0,1,1,0,0,0,0,0,1,0,1,0
not_english_ready,156415.0,T4a-11,T,T4,T4a,11,Jeder Kuh ist früher ein Kalb gewesen / Ogni cosa vuol principio,Jeder Kuh ist früher ein Kalb gewesen,Ogni cosa vuol principio,,,,Jeder Kuh ist früher ein Kalb gewesen,0,ok,,,,0,unive3-t4a-1704,,,,E,0,0,1,0,0,0,0,0,0,0,0,0
not_english_ready,156501.0,T4e-19,T,T4,T4e,19,Jamais deux sans trois,Jamais deux sans trois,,,,,Jamais deux sans trois,0,ok,,,,0,unive3-t4e-1726,,"M1b,M1f",,"F,E,I,O",0,1,1,0,0,0,0,0,0,1,1,0
